bug_name,buggy_line_key,# of failing Tcs,# of lines executed by failing TCs,# of mutants,# of uncompilable mutants,# of mutans on buggy line,# of uncompilable mutants on buggy line,# of compilable mutants on buggy line,total p2f (all mutants),total f2p (all mutants),# of functions,# of func. executed by failing TCs,# of function with same highest met score,met score of highest rank,rank of buggy function (function level) (met),met score of buggy function,rank of buggy function among func. executed by failing tcs (met),met accuracy among func. executed by failing tcs,# of function with same highest muse score,muse score of highest rank,rank of buggy function (function level) (muse),muse score of buggy function,rank of buggy function among func. executed by failing tcs (muse),muse accuracy among func. executed by failing tcs
resize.MUT604.cpp,opencv_imgproc/modules/imgproc/src/resize.cpp#resizeNN_bitexactInvoker::operator()(const class cv::Range & range)#1133,2,193,1455,178,20,3,17,5408,1,654,22,1,0.7071067811865475,654,0.0,22,100.0,1,0.0211244046518588,653,0.0,21,95.45454545454545
smooth.dispatch.MUT105.cpp,"opencv_imgproc/modules/imgproc/src/smooth.dispatch.cpp#createGaussianKernels(T & kx, T & ky, int type, cv::Size & ksize, double sigma1, double sigma2)#296",14,1108,1412,123,20,5,15,31817,103,654,75,1,1.0,1,1.0,1,1.3333333333333335,1,0.0288353023981366,1,0.0288353023981366,1,1.3333333333333335
contours_new.MUT20.cpp,"opencv_imgproc/modules/imgproc/src/contours_new.cpp#icvTraceContour(class cv::Mat & image, const cv::Point & start, const cv::Point & end, _Bool isHole)#102",12,709,1565,82,20,0,20,30982,284,654,43,1,1.0,654,0.0,43,100.0,1,0.0167084377610693,653,0.0,42,97.67441860465115
color_lab.MUT1022.cpp,"opencv_imgproc/modules/imgproc/src/color_lab.cpp#Lab2RGBfloat::operator()(const float * src, float * dst, int n)#2252",2,573,1540,178,20,3,17,1476,20,654,32,1,1.0,1,1.0,1,3.125,1,0.0226112561928404,1,0.0226112561928404,1,3.125
histogram.MUT980.cpp,"opencv_imgproc/modules/imgproc/src/histogram.cpp#compareHist(cv::InputArray _H1, cv::InputArray _H2, int method)#2217",1,93,1317,111,20,0,20,1532,1,654,4,1,1.0,1,1.0,1,25.0,1,0.0237547262863718,1,0.0237547262863718,1,25.0
templmatch.MUT284.cpp,"opencv_imgproc/modules/imgproc/src/templmatch.cpp#matchTemplate(cv::InputArray _img, cv::InputArray _templ, cv::OutputArray _result, int method, cv::InputArray _mask)#1172",1,97,1203,89,20,0,20,24715,0,654,9,654,0.0,654,0.0,9,100.0,654,0.0,654,0.0,9,100.0
histogram.MUT1113.cpp,"opencv_imgproc/modules/imgproc/src/histogram.cpp#cvNormalizeHist(CvHistogram * hist, double factor)#2529",2,290,1302,169,20,10,10,1849,9,654,13,1,1.0,1,1.0,1,7.6923076923076925,1,0.0384615384615384,1,0.0384615384615384,1,7.6923076923076925
canny.MUT71.cpp,opencv_imgproc/modules/imgproc/src/canny.cpp#parallelCanny::operator()(const class cv::Range & boundaries)#403,4,635,1177,113,20,4,16,49316,3,654,51,1,0.7071067811865475,1,0.7071067811865475,1,1.9607843137254901,1,0.0238095238095238,1,0.0238095238095238,1,1.9607843137254901
lsd.MUT51.cpp,"opencv_imgproc/modules/imgproc/src/lsd.cpp#LineSegmentDetectorImpl::flsd(int & lines, int & widths, int & precisions, int & nfas)#452",6,321,1570,153,20,0,20,7627,9,654,27,1,1.0,1,1.0,1,3.7037037037037033,1,0.0285620121095699,1,0.0285620121095699,1,3.7037037037037033
color_lab.MUT1542.cpp,"opencv_imgproc/modules/imgproc/src/color_lab.cpp#Luv2RGBfloat::operator()(const float * src, float * dst, int n)#3240",1,475,1542,160,20,1,19,2400,1,654,34,1,1.0,1,1.0,1,2.941176470588235,1,0.0249583506872136,1,0.0249583506872136,1,2.941176470588235
contours.MUT1.cpp,"opencv_imgproc/modules/imgproc/src/contours.cpp#cvStartReadChainPoints(CvChain * chain, CvChainPtReader * reader)#62",39,652,1420,89,20,0,20,20683,266,654,46,1,1.0,1,1.0,1,2.1739130434782608,1,0.0417197340520801,1,0.0417197340520801,1,2.1739130434782608
imgwarp.sse4_1.MUT195.cpp,"opencv_imgproc/modules/imgproc/src/imgwarp.sse4_1.cpp#WarpPerspectiveLine_SSE4_Impl::processNN(const double * M, short * xy, double X0, double Y0, double W0, int bw)#341",1,47,783,186,20,4,16,595,0,654,5,654,0.0,654,0.0,5,100.0,654,0.0,654,0.0,5,100.0
resize.MUT812.cpp,"opencv_imgproc/modules/imgproc/src/resize.cpp#VResizeLanczos4Vec_32f::operator()(const float ** src, float * dst, const float * beta, int width)#1544",1,332,1489,104,15,0,15,2683,4,654,27,1,1.0,1,1.0,1,3.7037037037037033,1,0.0124301675977653,1,0.0124301675977653,1,3.7037037037037033
color_lab.MUT1073.cpp,"opencv_imgproc/modules/imgproc/src/color_lab.cpp#Lab2RGBfloat::operator()(const float * src, float * dst, int n)#2319",1,532,1621,168,20,1,19,2418,9,654,31,1,1.0,1,1.0,1,3.225806451612903,1,0.0249793303017775,1,0.0249793303017775,1,3.225806451612903
resize.MUT854.cpp,"opencv_imgproc/modules/imgproc/src/resize.cpp#HResizeLinearVec_X4::operator()(const ST ** src, DT ** dst, int count, const int * xofs, const AT * alpha, int , int , int cn, int , int xmax)#1625",2,696,1588,143,9,0,9,623,41,654,54,2,1.0,2,1.0,2,3.7037037037037033,1,0.0175438596491228,1,0.0175438596491228,1,1.8518518518518516
grabcut.MUT77.cpp,"opencv_imgproc/modules/imgproc/src/grabcut.cpp#GMM::calcInverseCovAndDeterm(int ci, const double singularFix)#216",1,102,1324,105,20,0,20,933,85,654,9,1,1.0,1,1.0,1,11.11111111111111,1,0.0051056379557528,2,0.0043277108662298,2,22.22222222222222
resize.avx2.MUT51.cpp,opencv_imgproc/modules/imgproc/src/resize.avx2.cpp#resizeNNInvokerAVX2::operator()(const class cv::Range & range)#179,1,807,1594,98,20,0,20,1910,5,654,63,1,1.0,1,1.0,1,1.5873015873015872,1,0.0396077845057436,1,0.0396077845057436,1,1.5873015873015872
contours.MUT306.cpp,"opencv_imgproc/modules/imgproc/src/contours.cpp#icvFetchContourEx_32s(int * ptr, int step, CvPoint pt, CvSeq * contour, int _method, CvRect * _rect)#961",12,484,1413,124,20,1,19,35467,12,654,36,1,1.0,1,1.0,1,2.7777777777777777,1,0.0461524364324071,1,0.0461524364324071,1,2.7777777777777777
templmatch.MUT231.cpp,"opencv_imgproc/modules/imgproc/src/templmatch.cpp#common_matchTemplate(class cv::Mat & img, class cv::Mat & templ, class cv::Mat & result, int method, int cn)#1016",33,374,1508,191,20,1,19,39384,33,654,13,1,1.0,1,1.0,1,7.6923076923076925,1,0.0485294117647058,1,0.0485294117647058,1,7.6923076923076925
color_lab.MUT575.cpp,"opencv_imgproc/modules/imgproc/src/color_lab.cpp#initLUTforLABLUVs16(const struct cv::softfloat & un, const struct cv::softfloat & vn)#1182",2,569,1488,125,12,2,10,1238,2,654,32,1,1.0,1,1.0,1,3.125,1,0.0606060606060606,1,0.0606060606060606,1,3.125
demosaicing.MUT582.cpp,"opencv_imgproc/modules/imgproc/src/demosaicing.cpp#Bayer2RGB_VNG_8u(const class cv::Mat & srcmat, class cv::Mat & dstmat, int code)#1250",2,241,1859,157,20,0,20,1361,0,654,3,654,0.0,654,0.0,3,100.0,654,0.0,654,0.0,3,100.0
demosaicing.MUT216.cpp,opencv_imgproc/modules/imgproc/src/demosaicing.cpp#Bayer2Gray_Invoker::operator()(const class cv::Range & range)#648,1,96,1271,71,6,0,6,3502,1,654,6,1,1.0,1,1.0,1,16.666666666666664,1,0.0713877900575017,1,0.0713877900575017,1,16.666666666666664
color_lab.MUT1936.cpp,"opencv_imgproc/modules/imgproc/src/color_lab.cpp#cvtBGRtoXYZ(const uchar * src_data, size_t src_step, uchar * dst_data, size_t dst_step, int width, int height, int depth, int scn, _Bool swapBlue)#4163",1,157,1491,149,20,1,19,1127,2,654,13,1,1.0,1,1.0,1,7.6923076923076925,1,0.033200354609929,1,0.033200354609929,1,7.6923076923076925
resize.avx2.MUT25.cpp,opencv_imgproc/modules/imgproc/src/resize.avx2.cpp#resizeNNInvokerAVX4::operator()(const class cv::Range & range)#109,1,72,816,94,20,4,16,2573,9,654,9,3,1.0,3,1.0,3,33.33333333333333,1,0.0176212590299277,1,0.0176212590299277,1,11.11111111111111
histogram.MUT1333.cpp,"opencv_imgproc/modules/imgproc/src/histogram.cpp#cvCalcArrHist(CvArr ** img, CvHistogram * hist, int accumulate, const CvArr * mask)#2983",1,113,1150,181,20,1,19,1245,4,654,7,1,1.0,1,1.0,1,14.285714285714285,1,0.039959871589085,1,0.039959871589085,1,14.285714285714285
intelligent_scissors.MUT145.cpp,"opencv_imgproc/modules/imgproc/src/intelligent_scissors.cpp#Impl::add_local_cost(const cv::Point & p, const cv::Point & q, float & cost_p, const float cost_q)#520",9,704,1237,128,20,0,20,53929,3,654,55,1,0.3333333333333333,1,0.3333333333333333,1,1.8181818181818181,1,0.0238086067535668,1,0.0238086067535668,1,1.8181818181818181
histogram.MUT536.cpp,"opencv_imgproc/modules/imgproc/src/histogram.cpp#calcSparseHist_8u(int & _ptrs, const int & _deltas, cv::Size imsize, class cv::SparseMat & hist, int dims, const float ** _ranges, const double * _uniranges, _Bool uniform)#1126",1,403,1468,76,20,0,20,2028,53,654,15,4,1.0,4,1.0,4,26.666666666666668,1,0.0105820105820105,5,0.0015948065593455,5,33.33333333333333
spatialgradient.MUT118.cpp,"opencv_imgproc/modules/imgproc/src/spatialgradient.cpp#spatialGradient(cv::InputArray _src, cv::OutputArray _dx, cv::OutputArray _dy, int ksize, int borderType)#282",1,270,1338,175,20,0,20,56090,1,654,21,1,1.0,1,1.0,1,4.761904761904762,1,0.0238086748489486,1,0.0238086748489486,1,4.761904761904762
demosaicing.MUT188.cpp,"opencv_imgproc/modules/imgproc/src/demosaicing.cpp#Bayer2Gray_Invoker::Bayer2Gray_Invoker<T, SIMDInterpolator>(const class cv::Mat & _srcmat, class cv::Mat & _dstmat, int _start_with_green, _Bool _brow, const cv::Size & _size, int _bcoeff, int _rcoeff)#598",1,96,1258,77,0,0,0,3665,2,654,6,1,1.0,654,0.0,6,100.0,1,0.0208333333333333,654,0.0,6,100.0
stackblur.MUT111.cpp,opencv_imgproc/modules/imgproc/src/stackblur.cpp#FUNCTIONNOTFOUND#283,10,325,1429,92,20,0,20,45218,134,654,28,2,1.0,2,1.0,2,7.142857142857142,1,0.0204532884114475,1,0.0204532884114475,1,3.571428571428571
contours.MUT570.cpp,"opencv_imgproc/modules/imgproc/src/contours.cpp#icvFindContoursInInterval(const CvArr * src, CvMemStorage * storage, CvSeq ** result, int contourHeaderSize)#1508",1,380,1202,127,20,0,20,25031,9,654,24,2,1.0,2,1.0,2,8.333333333333332,1,0.0237962075210397,1,0.0237962075210397,1,4.166666666666666
geometry.MUT100.cpp,"opencv_imgproc/modules/imgproc/src/geometry.cpp#pointPolygonTest(cv::InputArray _contour, cv::Point2f pt, _Bool measureDist)#219",1,291,1430,232,20,1,19,680,17,654,54,1,1.0,1,1.0,1,1.8518518518518516,1,0.0211640211640211,1,0.0211640211640211,1,1.8518518518518516
color_lab.MUT524.cpp,"opencv_imgproc/modules/imgproc/src/color_lab.cpp#fill_one(int16_t * LAB, const int16_t * LAB_prev, int16_t * LUV, const int16_t * LUV_prev, int p, int q, int r, int _p, int _q, int _r)#1108",2,202,1479,217,20,0,20,189,2,654,17,1,0.7071067811865475,1,0.7071067811865475,1,5.88235294117647,1,0.0302422723475355,1,0.0302422723475355,1,5.88235294117647
resize.MUT1454.cpp,"opencv_imgproc/modules/imgproc/src/resize.cpp#computeResizeAreaTab(int ssize, int dsize, int cn, double scale, struct cv::DecimateAlpha * tab)#3290",3,741,1535,160,20,3,17,496,6,654,58,1,0.4082482904638631,1,0.4082482904638631,1,1.7241379310344827,1,0.0467088243748203,2,0.0074893807288173,2,3.4482758620689653
color_lab.MUT1059.cpp,"opencv_imgproc/modules/imgproc/src/color_lab.cpp#Lab2RGBfloat::operator()(const float * src, float * dst, int n)#2298",1,536,1567,188,10,0,10,1751,15,654,31,1,1.0,1,1.0,1,3.225806451612903,1,0.0237279843444227,1,0.0237279843444227,1,3.225806451612903
resize.MUT19.cpp,"opencv_imgproc/modules/imgproc/src/resize.cpp#hlineResize(ET * src, int cn, int * ofst, FT * m, FT * dst, int dst_min, int dst_max, int dst_width)#99",1,156,1486,139,20,0,20,7459,5,654,19,2,1.0,2,1.0,2,10.526315789473683,1,0.0158347163709094,1,0.0158347163709094,1,5.263157894736842
demosaicing.MUT189.cpp,"opencv_imgproc/modules/imgproc/src/demosaicing.cpp#Bayer2Gray_Invoker::Bayer2Gray_Invoker<T, SIMDInterpolator>(const class cv::Mat & _srcmat, class cv::Mat & _dstmat, int _start_with_green, _Bool _brow, const cv::Size & _size, int _bcoeff, int _rcoeff)#599",1,96,1271,69,20,0,20,3523,1,654,6,1,1.0,1,1.0,1,16.666666666666664,1,0.023796011026431,1,0.023796011026431,1,16.666666666666664
histogram.MUT1134.cpp,"opencv_imgproc/modules/imgproc/src/histogram.cpp#cvGetMinMaxHistValue(const CvHistogram * hist, float * value_min, float * value_max, int * idx_min, int * idx_max)#2576",1,49,564,70,20,1,19,992,0,654,3,654,0.0,654,0.0,3,100.0,654,0.0,654,0.0,3,100.0
demosaicing.MUT523.cpp,"opencv_imgproc/modules/imgproc/src/demosaicing.cpp#Bayer2RGB_VNG_8u(const class cv::Mat & srcmat, class cv::Mat & dstmat, int code)#1167",2,237,1775,141,20,0,20,2183,5,654,3,1,1.0,1,1.0,1,33.33333333333333,1,0.0416666666666666,1,0.0416666666666666,1,33.33333333333333
color_lab.MUT1386.cpp,"opencv_imgproc/modules/imgproc/src/color_lab.cpp#RGB2Luvfloat::operator()(const float * src, float * dst, int n)#2956",1,543,1479,166,20,2,18,1791,1,654,35,1,1.0,1,1.0,1,2.857142857142857,1,0.025,1,0.025,1,2.857142857142857
histogram.MUT1067.cpp,"opencv_imgproc/modules/imgproc/src/histogram.cpp#cvCreateHist(int dims, int * sizes, CvHistType type, float ** ranges, int uniform)#2387",8,442,1405,170,20,0,20,552,67,654,19,1,1.0,1,1.0,1,5.263157894736842,1,0.0448179271708683,1,0.0448179271708683,1,5.263157894736842
resize.MUT1606.cpp,"opencv_imgproc/modules/imgproc/src/resize.cpp#resize(int src_type, const uchar * src_data, size_t src_step, int src_width, int src_height, uchar * dst_data, size_t dst_step, int dst_width, int dst_height, double inv_scale_x, double inv_scale_y, int interpolation)#4063",2,517,1608,134,20,1,19,686,8,654,41,2,0.7071067811865475,2,0.7071067811865475,2,4.878048780487805,1,0.0264550264550264,1,0.0264550264550264,1,2.4390243902439024
color_lab.MUT629.cpp,opencv_imgproc/modules/imgproc/src/color_lab.cpp#createLabTabs()#1265,2,367,1479,150,20,0,20,2080,2,654,23,1,0.8164965809277261,1,0.8164965809277261,1,4.3478260869565215,1,0.0280474649406688,1,0.0280474649406688,1,4.3478260869565215
grabcut.MUT220.cpp,"opencv_imgproc/modules/imgproc/src/grabcut.cpp#constructGCGraph(const class cv::Mat & img, const class cv::Mat & mask, const class (anonymous namespace)::GMM & bgdGMM, const class (anonymous namespace)::GMM & fgdGMM, double lambda, const class cv::Mat & leftW, const class cv::Mat & upleftW, const class cv::Mat & upW, const class cv::Mat & uprightW, GCGraph<double> & graph)#515",2,247,1474,164,20,3,17,76,3,654,18,2,0.7071067811865475,2,0.7071067811865475,2,11.11111111111111,1,0.025,2,0.0234487734487734,2,11.11111111111111
templmatch.MUT36.cpp,"opencv_imgproc/modules/imgproc/src/templmatch.cpp#crossCorr(const class cv::Mat & img, const class cv::Mat & _templ, class cv::Mat & corr, cv::Point anchor, double delta, int borderType)#637",146,533,1417,236,20,0,20,8011,377,654,30,1,0.4456794105478751,2,0.2482817665807103,2,6.666666666666667,1,0.0229362526139205,2,0.0067791005291005,2,6.666666666666667
corner.MUT83.cpp,"opencv_imgproc/modules/imgproc/src/corner.cpp#eigen2x2(const float * cov, float * dst, int n)#208",1,287,1314,127,20,0,20,51988,0,654,26,654,0.0,654,0.0,26,100.0,653,0.0,653,0.0,25,96.15384615384616
histogram.MUT1006.cpp,"opencv_imgproc/modules/imgproc/src/histogram.cpp#compareHist(const class cv::SparseMat & H1, const class cv::SparseMat & H2, int method)#2271",1,147,1416,112,20,0,20,1363,1,654,5,1,1.0,1,1.0,1,20.0,1,0.0232658239318562,1,0.0232658239318562,1,20.0
demosaicing.MUT420.cpp,"opencv_imgproc/modules/imgproc/src/demosaicing.cpp#Bayer2RGB_VNG_8u(const class cv::Mat & srcmat, class cv::Mat & dstmat, int code)#1013",2,241,1760,116,20,0,20,243,10,654,3,1,1.0,1,1.0,1,33.33333333333333,1,0.0373997587112341,1,0.0373997587112341,1,33.33333333333333
color_lab.MUT560.cpp,"opencv_imgproc/modules/imgproc/src/color_lab.cpp#initLUTforLABLUVs16(const struct cv::softfloat & un, const struct cv::softfloat & vn)#1161",4,789,1664,165,20,0,20,541,0,654,46,654,0.0,654,0.0,46,100.0,654,0.0,654,0.0,46,100.0
color_yuv.dispatch.MUT39.cpp,"opencv_imgproc/modules/imgproc/src/color_yuv.dispatch.cpp#cvtColorTwoPlaneYUV2BGRpair(cv::InputArray _ysrc, cv::InputArray _uvsrc, cv::OutputArray _dst, int dcn, _Bool swapb, int uidx)#502",1,25,125,39,20,4,16,4,6,654,4,3,1.0,3,1.0,3,75.0,1,0.0095238095238095,2,0.0050420168067226,2,50.0
contours_link.MUT1.cpp,"opencv_imgproc/modules/imgproc/src/contours_link.cpp#findStartContourPoint(uchar * src_data, cv::Size img_size, int j)#20",1,456,1290,195,20,0,20,27254,16,654,24,2,1.0,2,1.0,2,8.333333333333332,1,0.0224089635854341,2,0.0224054692506244,2,8.333333333333332
histogram.MUT346.cpp,"opencv_imgproc/modules/imgproc/src/histogram.cpp#calcHist_8u(int & _ptrs, const int & _deltas, cv::Size imsize, class cv::Mat & hist, int dims, const float ** _ranges, const double * _uniranges, _Bool uniform)#616",2,535,1418,130,20,0,20,754,25,654,19,1,1.0,1,1.0,1,5.263157894736842,1,0.0160638478519273,3,0.0072629357397569,3,15.789473684210526
resize.MUT1127.cpp,opencv_imgproc/modules/imgproc/src/resize.cpp#resizeGeneric_Invoker::operator()(const class cv::Range & range)#2153,3,345,1378,108,20,3,17,858,0,654,33,654,0.0,654,0.0,33,100.0,654,0.0,654,0.0,33,100.0
demosaicing.MUT797.cpp,"opencv_imgproc/modules/imgproc/src/demosaicing.cpp#Bayer2RGB_EdgeAware_T(const class cv::Mat & src, class cv::Mat & dst, int code)#1656",1,92,1365,73,19,0,19,209,0,654,5,654,0.0,654,0.0,5,100.0,654,0.0,654,0.0,5,100.0
stackblur.MUT355.cpp,"opencv_imgproc/modules/imgproc/src/stackblur.cpp#opColumn(const float * srcPtr, float * dstPtr, float * stack, float * sum, float * sumIn, float * sumOut, const float mulVal, const int , const int , const int widthLen, const int ss, const int sp1)#727",13,418,1479,102,20,8,12,42252,58,654,28,1,1.0,1,1.0,1,3.571428571428571,1,0.0345735488176482,2,0.012958332301984,2,7.142857142857142
corner.MUT70.cpp,"opencv_imgproc/modules/imgproc/src/corner.cpp#eigen2x2(const float * cov, float * dst, int n)#188",1,287,1342,154,20,0,20,46766,1,654,26,1,1.0,1,1.0,1,3.8461538461538463,1,0.0238013780575843,1,0.0238013780575843,1,3.8461538461538463
demosaicing.MUT251.cpp,"opencv_imgproc/modules/imgproc/src/demosaicing.cpp#Bayer2Gray_(const class cv::Mat & srcmat, class cv::Mat & dstmat, int code)#714",1,38,393,47,20,0,20,3555,2,654,3,1,1.0,1,1.0,1,33.33333333333333,1,0.031652293463317,1,0.031652293463317,1,33.33333333333333
rotcalipers.MUT100.cpp,"opencv_imgproc/modules/imgproc/src/rotcalipers.cpp#rotatingCalipers(const cv::Point2f * points, int n, int mode, float * out)#296",4,146,1551,36,20,0,20,387,126,654,8,1,0.8660254037844387,2,0.5,2,25.0,1,0.0079078388397326,2,0.0029996250468691,2,25.0
color_lab.MUT921.cpp,"opencv_imgproc/modules/imgproc/src/color_lab.cpp#RGB2Lab_f::operator()(const float * src, float * dst, int n)#2080",1,485,1423,157,10,0,10,3698,6,654,31,1,1.0,1,1.0,1,3.225806451612903,1,0.0779220779220779,1,0.0779220779220779,1,3.225806451612903
stackblur.MUT590.cpp,opencv_imgproc/modules/imgproc/src/stackblur.cpp#ParallelStackBlurColumn::operator()(const class cv::Range & range)#1113,52,624,1568,170,20,0,20,10560,53,654,36,1,1.0,1,1.0,1,2.7777777777777777,1,0.0458553791887125,1,0.0458553791887125,1,2.7777777777777777
histogram.MUT320.cpp,"opencv_imgproc/modules/imgproc/src/histogram.cpp#calcHist_8u(int & _ptrs, const int & _deltas, cv::Size imsize, class cv::Mat & hist, int dims, const float ** _ranges, const double * _uniranges, _Bool uniform)#577",1,401,1525,94,10,0,10,1846,16,654,15,1,1.0,1,1.0,1,6.666666666666667,1,0.0373347153499387,1,0.0373347153499387,1,6.666666666666667
lsd.MUT206.cpp,"opencv_imgproc/modules/imgproc/src/lsd.cpp#LineSegmentDetectorImpl::get_theta(const int & reg, const double & x, const double & y, const double & reg_angle, const double & prec)#726",1,549,1506,131,20,0,20,6785,61,654,44,10,1.0,10,1.0,10,22.727272727272727,1,0.009984639016897,1,0.009984639016897,1,2.272727272727273
filter.dispatch.MUT279.cpp,"opencv_imgproc/modules/imgproc/src/filter.dispatch.cpp#filter2D(int stype, int dtype, int kernel_type, uchar * src_data, size_t src_step, uchar * dst_data, size_t dst_step, int width, int height, int full_width, int full_height, int offset_x, int offset_y, uchar * kernel_data, size_t kernel_step, int kernel_width, int kernel_height, int anchor_x, int anchor_y, double delta, int borderType, _Bool isSubmatrix)#1473",2,247,1067,125,20,0,20,47093,2,654,21,1,0.7071067811865475,1,0.7071067811865475,1,4.761904761904762,1,0.0317460317460317,1,0.0317460317460317,1,4.761904761904762
contours.MUT263.cpp,"opencv_imgproc/modules/imgproc/src/contours.cpp#icvTraceContour_32s(int * ptr, int step, int * stop_ptr, int is_hole)#870",4,593,1499,85,17,0,17,43296,120,654,38,2,1.0,2,1.0,2,5.263157894736842,1,0.0201943214392113,3,0.0128558310376492,3,7.894736842105263
color_lab.MUT603.cpp,opencv_imgproc/modules/imgproc/src/color_lab.cpp#createLabTabs()#1231,2,43,467,80,20,2,18,3345,4,654,10,1,1.0,1,1.0,1,10.0,1,0.0421052631578947,1,0.0421052631578947,1,10.0
lsd.MUT208.cpp,"opencv_imgproc/modules/imgproc/src/lsd.cpp#LineSegmentDetectorImpl::get_theta(const int & reg, const double & x, const double & y, const double & reg_angle, const double & prec)#728",3,505,1635,115,20,0,20,7302,107,654,41,2,1.0,3,0.8164965809277261,3,7.317073170731707,1,0.0092592592592592,4,0.0035273368606701,4,9.75609756097561
histogram.MUT1314.cpp,"opencv_imgproc/modules/imgproc/src/histogram.cpp#cvSetHistBinRanges(CvHistogram * hist, float ** ranges, int uniform)#2935",3,617,1406,148,20,0,20,593,9,654,25,1,1.0,1,1.0,1,4.0,1,0.042696809363476,1,0.042696809363476,1,4.0
min_enclosing_triangle.MUT234.cpp,"opencv_imgproc/modules/imgproc/src/min_enclosing_triangle.cpp#middlePoint(const cv::Point2f & a, const cv::Point2f & b)#1309",1,276,1432,195,20,0,20,408,1,654,53,1,1.0,1,1.0,1,1.8867924528301887,1,0.0236930958202351,1,0.0236930958202351,1,1.8867924528301887
color_lab.MUT1956.cpp,"opencv_imgproc/modules/imgproc/src/color_lab.cpp#cvtLabtoBGR(const uchar * src_data, size_t src_step, uchar * dst_data, size_t dst_step, int width, int height, int depth, int dcn, _Bool swapBlue, _Bool isLab, _Bool srgb)#4401",1,334,1496,172,20,6,14,4068,0,654,23,654,0.0,654,0.0,23,100.0,654,0.0,654,0.0,23,100.0
histogram.MUT903.cpp,"opencv_imgproc/modules/imgproc/src/histogram.cpp#compareHist(cv::InputArray _H1, cv::InputArray _H2, int method)#2051",1,93,1318,113,20,0,20,1390,0,654,4,654,0.0,654,0.0,4,100.0,654,0.0,654,0.0,4,100.0
resize.MUT660.cpp,"opencv_imgproc/modules/imgproc/src/resize.cpp#resizeNN_bitexact(const class cv::Mat & src, class cv::Mat & dst, double , double )#1224",1,188,1621,151,20,2,18,6796,10,654,22,2,1.0,654,0.0,22,100.0,1,0.0185580044108961,653,0.0,21,95.45454545454545
spatialgradient.MUT48.cpp,"opencv_imgproc/modules/imgproc/src/spatialgradient.cpp#spatialGradient(cv::InputArray _src, cv::OutputArray _dx, cv::OutputArray _dy, int ksize, int borderType)#188",1,268,1259,145,20,12,8,58982,3,654,21,1,1.0,1,1.0,1,4.761904761904762,1,0.0277740102138657,1,0.0277740102138657,1,4.761904761904762
contours_link.MUT145.cpp,opencv_imgproc/modules/imgproc/src/contours_link.cpp#LinkRunner::process(class cv::Mat & image)#330,1,454,1263,141,20,0,20,16065,5,654,24,1,1.0,1,1.0,1,4.166666666666666,1,0.0396766117542913,1,0.0396766117542913,1,4.166666666666666
histogram.MUT711.cpp,"opencv_imgproc/modules/imgproc/src/histogram.cpp#calcBackProj_8u(int & _ptrs, const int & _deltas, cv::Size imsize, const class cv::Mat & hist, int dims, const float ** _ranges, const double * _uniranges, float scale, _Bool uniform)#1522",1,157,1430,96,20,0,20,2230,20,654,8,1,1.0,1,1.0,1,12.5,1,0.0272108843537415,1,0.0272108843537415,1,12.5
histogram.MUT306.cpp,"opencv_imgproc/modules/imgproc/src/histogram.cpp#calcHist_8u(int & _ptrs, const int & _deltas, cv::Size imsize, class cv::Mat & hist, int dims, const float ** _ranges, const double * _uniranges, _Bool uniform)#556",4,302,1363,152,15,0,15,762,100,654,15,1,1.0,1,1.0,1,6.666666666666667,1,0.0259311645450259,1,0.0259311645450259,1,6.666666666666667
color_lab.MUT1978.cpp,"opencv_imgproc/modules/imgproc/src/color_lab.cpp#cvtColorXYZ2BGR(cv::InputArray _src, cv::OutputArray _dst, int dcn, _Bool swapb)#4840",1,55,637,61,10,6,4,3640,0,654,7,654,0.0,654,0.0,7,100.0,654,0.0,654,0.0,7,100.0
grabcut.MUT159.cpp,"opencv_imgproc/modules/imgproc/src/grabcut.cpp#initGMMs(const class cv::Mat & img, const class cv::Mat & mask, class (anonymous namespace)::GMM & bgdGMM, class (anonymous namespace)::GMM & fgdGMM)#381",1,244,1492,187,13,4,9,475,0,654,18,654,0.0,654,0.0,18,100.0,654,0.0,654,0.0,18,100.0
resize.MUT697.cpp,"opencv_imgproc/modules/imgproc/src/resize.cpp#VResizeLinearVec_32f16s::operator()(const float ** src, short * dst, const float * beta, int width)#1310",1,641,1500,106,12,0,12,2096,3,654,52,1,1.0,1,1.0,1,1.9230769230769231,1,0.0576923076923076,1,0.0576923076923076,1,1.9230769230769231
samplers.MUT9.cpp,"opencv_imgproc/modules/imgproc/src/samplers.cpp#adjustRect(const uchar * src, size_t src_step, int pix_size, cv::Size src_size, cv::Size win_size, cv::Point ip, cv::Rect * pRect)#71",1,64,925,87,20,0,20,21,1,654,4,1,1.0,1,1.0,1,25.0,1,0.0151515151515151,1,0.0151515151515151,1,25.0
histogram.MUT201.cpp,"opencv_imgproc/modules/imgproc/src/histogram.cpp#calcHist_(int & _ptrs, const int & _deltas, cv::Size imsize, class cv::Mat & hist, int dims, const float ** _ranges, const double * _uniranges, _Bool uniform)#392",1,462,1543,83,7,0,7,2342,33,654,15,1,1.0,1,1.0,1,6.666666666666667,1,0.0150081462600539,3,0.0036764705882352,3,20.0
histogram.MUT18.cpp,"opencv_imgproc/modules/imgproc/src/histogram.cpp#calcHistLookupTables_8u(const class cv::Mat & hist, const class cv::SparseMat & shist, int dims, const float ** ranges, const double * uniranges, _Bool uniform, _Bool issparse, int & _tab)#85",4,673,1507,120,20,0,20,860,20,654,26,1,0.7071067811865475,1,0.7071067811865475,1,3.8461538461538463,1,0.0385487528344671,1,0.0385487528344671,1,3.8461538461538463
resize.MUT590.cpp,"opencv_imgproc/modules/imgproc/src/resize.cpp#resizeNN(const class cv::Mat & src, class cv::Mat & dst, double fx, double fy)#1088",2,586,1602,122,20,9,11,828,7,654,48,1,0.7071067811865475,1,0.7071067811865475,1,2.083333333333333,1,0.0729166666666666,1,0.0729166666666666,1,2.083333333333333
phasecorr.MUT152.cpp,"opencv_imgproc/modules/imgproc/src/phasecorr.cpp#divSpectrums(cv::InputArray _srcA, cv::InputArray _srcB, cv::OutputArray _dst, int flags, _Bool conjB)#291",1,98,1284,126,20,0,20,1066,42,654,4,2,1.0,2,1.0,2,50.0,1,0.0155038759689922,1,0.0155038759689922,1,25.0
histogram.MUT112.cpp,"opencv_imgproc/modules/imgproc/src/histogram.cpp#calcHist_(int & _ptrs, const int & _deltas, cv::Size imsize, class cv::Mat & hist, int dims, const float ** _ranges, const double * _uniranges, _Bool uniform)#275",1,410,1543,91,20,0,20,2238,41,654,15,2,1.0,2,1.0,2,13.333333333333334,1,0.0201041068504221,2,0.0158730158730158,2,13.333333333333334
histogram.MUT822.cpp,"opencv_imgproc/modules/imgproc/src/histogram.cpp#calcSparseBackProj_(int & _ptrs, const int & _deltas, cv::Size imsize, const class cv::SparseMat & hist, int dims, const float ** _ranges, const double * _uniranges, float scale, _Bool uniform)#1712",1,265,1530,95,20,0,20,1803,4,654,11,2,1.0,2,1.0,2,18.181818181818183,1,0.0285714285714285,1,0.0285714285714285,1,9.090909090909092
demosaicing.MUT371.cpp,opencv_imgproc/modules/imgproc/src/demosaicing.cpp#Bayer2RGB_Invoker::operator()(const class cv::Range & range)#922,1,130,1497,67,20,0,20,1148,1,654,6,1,1.0,1,1.0,1,16.666666666666664,1,0.0277777777777777,1,0.0277777777777777,1,16.666666666666664
templmatch.MUT73.cpp,"opencv_imgproc/modules/imgproc/src/templmatch.cpp#crossCorr(const class cv::Mat & img, const class cv::Mat & _templ, class cv::Mat & corr, cv::Point anchor, double delta, int borderType)#695",147,402,1192,162,20,0,20,10086,177,654,27,1,0.9931739816482956,1,0.9931739816482956,1,3.7037037037037033,1,0.0387907972177635,1,0.0387907972177635,1,3.7037037037037033
demosaicing.MUT280.cpp,opencv_imgproc/modules/imgproc/src/demosaicing.cpp#Bayer2RGB_Invoker::operator()(const class cv::Range & range)#787,2,134,1431,75,6,0,6,1592,0,654,8,654,0.0,654,0.0,8,100.0,654,0.0,654,0.0,8,100.0
emd_new.MUT152.cpp,opencv_imgproc/modules/imgproc/src/emd_new.cpp#EMDSolver::calcFlow(class cv::Mat * flow_)#439,5,346,1642,144,4,0,4,69,120,654,19,4,0.8944271909999159,4,0.8944271909999159,4,21.052631578947366,1,0.0165289256198347,3,0.0037190082644628,3,15.789473684210526
rotcalipers.MUT107.cpp,"opencv_imgproc/modules/imgproc/src/rotcalipers.cpp#rotatingCalipers(const cv::Point2f * points, int n, int mode, float * out)#308",4,133,1588,49,20,0,20,339,97,654,8,1,0.8660254037844387,2,0.7071067811865475,2,25.0,1,0.0099811353112673,2,0.0029154518950437,2,25.0
demosaicing.MUT266.cpp,"opencv_imgproc/modules/imgproc/src/demosaicing.cpp#Bayer2RGB_Invoker::Bayer2RGB_Invoker<T, SIMDInterpolator>(const class cv::Mat & _srcmat, class cv::Mat & _dstmat, int _start_with_green, int _blue, const cv::Size & _size)#758",1,130,1484,59,12,0,12,4264,0,654,6,654,0.0,654,0.0,6,100.0,654,0.0,654,0.0,6,100.0
resize.avx2.MUT83.cpp,opencv_imgproc/modules/imgproc/src/resize.avx2.cpp#resizeNNInvokerAVX2::operator()(const class cv::Range & range)#230,1,483,1609,168,20,4,16,1242,0,654,40,654,0.0,654,0.0,40,100.0,654,0.0,654,0.0,40,100.0
contours.MUT461.cpp,opencv_imgproc/modules/imgproc/src/contours.cpp#cvFindNextContour(CvContourScanner scanner)#1252,39,649,1438,160,20,7,13,18504,1,654,45,1,0.1601281538050871,1,0.1601281538050871,1,2.2222222222222223,1,0.0357065657930289,1,0.0357065657930289,1,2.2222222222222223
phasecorr.MUT77.cpp,"opencv_imgproc/modules/imgproc/src/phasecorr.cpp#divSpectrums(cv::InputArray _srcA, cv::InputArray _srcB, cv::OutputArray _dst, int flags, _Bool conjB)#183",4,221,1471,105,20,0,20,8,23,654,6,1,0.8660254037844387,1,0.8660254037844387,1,16.666666666666664,1,0.0145833333333333,2,0.0024509803921568,2,33.33333333333333
demosaicing.MUT546.cpp,"opencv_imgproc/modules/imgproc/src/demosaicing.cpp#Bayer2RGB_VNG_8u(const class cv::Mat & srcmat, class cv::Mat & dstmat, int code)#1201",2,241,1744,97,20,0,20,1349,0,654,3,654,0.0,654,0.0,3,100.0,654,0.0,654,0.0,3,100.0
contours_approx.MUT42.cpp,"opencv_imgproc/modules/imgproc/src/contours_approx.cpp#calc_cosine(const int & ares, size_t i)#121",23,784,1444,77,20,2,18,25391,530,654,51,1,0.8846517369293828,1,0.8846517369293828,1,1.9607843137254901,1,0.0136310644785221,1,0.0136310644785221,1,1.9607843137254901
histogram.MUT364.cpp,"opencv_imgproc/modules/imgproc/src/histogram.cpp#calcHist_8u(int & _ptrs, const int & _deltas, cv::Size imsize, class cv::Mat & hist, int dims, const float ** _ranges, const double * _uniranges, _Bool uniform)#644",2,247,1271,155,6,0,6,1328,5,654,14,1,1.0,1,1.0,1,7.142857142857142,1,0.0712135870149414,1,0.0712135870149414,1,7.142857142857142
min_enclosing_triangle.MUT226.cpp,"opencv_imgproc/modules/imgproc/src/min_enclosing_triangle.cpp#distanceBtwPoints(const cv::Point2f & a, const cv::Point2f & b)#1277",1,276,1442,245,20,0,20,301,3,654,53,1,1.0,1,1.0,1,1.8867924528301887,1,0.0357142857142857,1,0.0357142857142857,1,1.8867924528301887
phasecorr.MUT294.cpp,"opencv_imgproc/modules/imgproc/src/phasecorr.cpp#phaseCorrelate(cv::InputArray _src1, cv::InputArray _src2, cv::InputArray _window, double * response)#570",2,180,1464,125,20,8,12,554,40,654,6,1,1.0,1,1.0,1,16.666666666666664,1,0.0225140712945591,1,0.0225140712945591,1,16.666666666666664
geometry.MUT151.cpp,"opencv_imgproc/modules/imgproc/src/geometry.cpp#intersectLineSegments(cv::Point2f a, cv::Point2f b, cv::Point2f c, cv::Point2f d, cv::Point2f & p, cv::Point2f & q)#349",7,92,1426,134,20,0,20,993,473,654,8,1,1.0,1,1.0,1,12.5,1,0.0045207956600361,5,0.0021097046413502,5,62.5
phasecorr.MUT235.cpp,opencv_imgproc/modules/imgproc/src/phasecorr.cpp#fftShift(cv::InputOutputArray _out)#428,2,151,1448,141,20,2,18,509,10,654,5,1,0.7071067811865475,1,0.7071067811865475,1,20.0,1,0.0432900432900432,1,0.0432900432900432,1,20.0
color_lab.MUT946.cpp,"opencv_imgproc/modules/imgproc/src/color_lab.cpp#RGB2Lab_f::operator()(const float * src, float * dst, int n)#2114",2,573,1584,156,20,4,16,3404,11,654,32,1,1.0,1,1.0,1,3.125,1,0.0509259259259259,1,0.0509259259259259,1,3.125
histogram.MUT21.cpp,"opencv_imgproc/modules/imgproc/src/histogram.cpp#calcHistLookupTables_8u(const class cv::Mat & hist, const class cv::SparseMat & shist, int dims, const float ** ranges, const double * uniranges, _Bool uniform, _Bool issparse, int & _tab)#90",4,326,1382,96,20,0,20,818,2,654,17,1,0.5,654,0.0,17,100.0,1,0.0350877192982456,654,0.0,17,100.0
min_enclosing_triangle.MUT124.cpp,"opencv_imgproc/modules/imgproc/src/min_enclosing_triangle.cpp#intersects(double angleGammaAndPoint, unsigned int polygonPointIndex, const int & polygon, unsigned int nrOfPoints, unsigned int c)#823",1,233,1522,192,20,4,16,433,4,654,48,1,1.0,1,1.0,1,2.083333333333333,1,0.0467877473570073,1,0.0467877473570073,1,2.083333333333333
histogram.MUT32.cpp,"opencv_imgproc/modules/imgproc/src/histogram.cpp#calcHistLookupTables_8u(const class cv::Mat & hist, const class cv::SparseMat & shist, int dims, const float ** ranges, const double * uniranges, _Bool uniform, _Bool issparse, int & _tab)#106",3,509,1449,139,20,0,20,505,18,654,22,2,1.0,2,1.0,2,9.090909090909092,1,0.0175438596491228,1,0.0175438596491228,1,4.545454545454546
color_lab.MUT1116.cpp,"opencv_imgproc/modules/imgproc/src/color_lab.cpp#Lab2RGBinteger::Lab2RGBinteger(int _dstcn, int blueIdx, const float * _coeffs, const float * _whitept, _Bool srgb)#2411",1,284,1528,170,12,0,12,2552,3,654,20,1,1.0,1,1.0,1,5.0,1,0.0576923076923076,1,0.0576923076923076,1,5.0
grabcut.MUT37.cpp,opencv_imgproc/modules/imgproc/src/grabcut.cpp#GMM::whichComponent(const cv::Vec3d color)#145,1,257,1497,147,19,7,12,450,0,654,19,654,0.0,654,0.0,19,100.0,654,0.0,654,0.0,19,100.0
contours.MUT256.cpp,"opencv_imgproc/modules/imgproc/src/contours.cpp#icvTraceContour_32s(int * ptr, int step, int * stop_ptr, int is_hole)#857",4,586,1585,140,17,0,17,50576,46,654,38,1,1.0,1,1.0,1,2.631578947368421,1,0.0260047281323877,1,0.0260047281323877,1,2.631578947368421
resize.MUT942.cpp,"opencv_imgproc/modules/imgproc/src/resize.cpp#HResizeLinearVecU8_X4::operator()(const uchar ** src, int ** dst, int count, const int * xofs, const short * alpha, int , int dmax, int cn, int , int xmax)#1754",1,562,1553,149,20,2,18,1271,34,654,44,3,1.0,3,1.0,3,6.8181818181818175,1,0.019047619047619,1,0.019047619047619,1,2.272727272727273
imgwarp.sse4_1.MUT159.cpp,"opencv_imgproc/modules/imgproc/src/imgwarp.sse4_1.cpp#WarpPerspectiveLine_SSE4_Impl::processNN(const double * M, short * xy, double X0, double Y0, double W0, int bw)#290",1,61,1054,330,20,12,8,608,1,654,5,1,1.0,1,1.0,1,20.0,1,0.0238095238095238,1,0.0238095238095238,1,20.0
color_lab.MUT1511.cpp,"opencv_imgproc/modules/imgproc/src/color_lab.cpp#Luv2RGBfloat::operator()(const float * src, float * dst, int n)#3187",2,606,1679,180,20,4,16,1638,2,654,36,1,0.7071067811865475,1,0.7071067811865475,1,2.7777777777777777,1,0.0444444444444444,1,0.0444444444444444,1,2.7777777777777777
histogram.MUT900.cpp,"opencv_imgproc/modules/imgproc/src/histogram.cpp#compareHist(cv::InputArray _H1, cv::InputArray _H2, int method)#2048",2,216,1384,145,20,0,20,2070,17,654,10,2,0.7071067811865475,2,0.7071067811865475,2,20.0,1,0.0290870378955682,3,0.0105820105820105,3,30.0
samplers.MUT172.cpp,"opencv_imgproc/modules/imgproc/src/samplers.cpp#getRectSubPix(cv::InputArray _image, cv::Size patchSize, cv::Point2f center, cv::OutputArray _patch, int patchType)#395",1,23,208,59,20,2,18,38,8,654,2,1,1.0,1,1.0,1,50.0,1,0.0341880341880341,1,0.0341880341880341,1,50.0
color_lab.MUT738.cpp,"opencv_imgproc/modules/imgproc/src/color_lab.cpp#RGB2Lab_b::operator()(const uchar * src, uchar * dst, int n)#1726",2,641,1547,165,20,1,19,1364,4,654,33,1,1.0,1,1.0,1,3.0303030303030303,1,0.0380952380952381,1,0.0380952380952381,1,3.0303030303030303
phasecorr.MUT286.cpp,"opencv_imgproc/modules/imgproc/src/phasecorr.cpp#phaseCorrelate(cv::InputArray _src1, cv::InputArray _src2, cv::InputArray _window, double * response)#546",1,22,185,32,11,0,11,177,15,654,1,1,1.0,1,1.0,1,100.0,1,0.0181451612903225,1,0.0181451612903225,1,100.0
deriv.MUT72.cpp,"opencv_imgproc/modules/imgproc/src/deriv.cpp#Sobel(cv::InputArray _src, cv::OutputArray _dst, int ddepth, int dx, int dy, int ksize, double scale, double delta, int borderType)#425",139,1125,1431,146,20,7,13,4511,2359,654,89,1,0.921369015817958,1,0.921369015817958,1,1.1235955056179776,1,0.0180505256353443,2,0.0041259989803558,2,2.247191011235955
color_lab.MUT339.cpp,"opencv_imgproc/modules/imgproc/src/color_lab.cpp#XYZ2RGB_i::operator()(const uchar * src, uchar * dst, int n)#716",1,88,1147,101,20,0,20,3610,0,654,10,654,0.0,654,0.0,10,100.0,654,0.0,654,0.0,10,100.0
emd_new.MUT91.cpp,"opencv_imgproc/modules/imgproc/src/emd_new.cpp#EMDSolver::calcSums(const class cv::Mat & sign1, const class cv::Mat & sign2)#299",5,347,1589,161,20,0,20,106,175,654,19,1,1.0,1,1.0,1,5.263157894736842,1,0.0113636363636363,3,0.0038359788359788,3,15.789473684210526
contours.MUT454.cpp,opencv_imgproc/modules/imgproc/src/contours.cpp#cvFindNextContour(CvContourScanner scanner)#1241,1,295,1635,98,20,1,19,43322,15,654,11,3,1.0,3,1.0,3,27.27272727272727,1,0.0178571428571428,1,0.0178571428571428,1,9.090909090909092
resize.MUT1453.cpp,"opencv_imgproc/modules/imgproc/src/resize.cpp#computeResizeAreaTab(int ssize, int dsize, int cn, double scale, struct cv::DecimateAlpha * tab)#3289",3,726,1501,131,20,4,16,607,5,654,58,1,0.3333333333333333,654,0.0,58,100.0,1,0.0559993734335839,653,0.0,57,98.27586206896551
resize.MUT861.cpp,"opencv_imgproc/modules/imgproc/src/resize.cpp#HResizeLinearVec_X4::operator()(const ST ** src, DT ** dst, int count, const int * xofs, const AT * alpha, int , int , int cn, int , int xmax)#1635",1,658,1629,122,20,0,20,1987,13,654,52,3,1.0,3,1.0,3,5.769230769230769,1,0.018796992481203,3,0.003251300520208,3,5.769230769230769
color_lab.MUT1432.cpp,"opencv_imgproc/modules/imgproc/src/color_lab.cpp#Luv2RGBfloat::Luv2RGBfloat(int _dstcn, int blueIdx, const float * _coeffs, const float * whitept, _Bool _srgb)#3055",1,467,1554,161,20,1,19,2994,0,654,34,654,0.0,654,0.0,34,100.0,654,0.0,654,0.0,34,100.0
phasecorr.MUT51.cpp,"opencv_imgproc/modules/imgproc/src/phasecorr.cpp#magSpectrums(cv::InputArray _src, cv::OutputArray _dst)#129",2,180,1406,151,20,1,19,530,111,654,6,2,1.0,2,1.0,2,33.33333333333333,1,0.0083672828830213,2,0.0071382131006828,2,33.33333333333333
gabor.MUT2.cpp,"opencv_imgproc/modules/imgproc/src/gabor.cpp#getGaborKernel(cv::Size ksize, double sigma, double theta, double lambd, double gamma, double psi, int ktype)#55",1,128,1165,73,20,0,20,28521,1,654,15,1,1.0,1,1.0,1,6.666666666666667,1,0.0238028455895365,1,0.0238028455895365,1,6.666666666666667
templmatch.MUT53.cpp,"opencv_imgproc/modules/imgproc/src/templmatch.cpp#crossCorr(const class cv::Mat & img, const class cv::Mat & _templ, class cv::Mat & corr, cv::Point anchor, double delta, int borderType)#668",146,526,1350,167,20,3,17,8942,727,654,29,1,1.0,1,1.0,1,3.4482758620689653,1,0.0234980613209395,1,0.0234980613209395,1,3.4482758620689653
stackblur.MUT184.cpp,opencv_imgproc/modules/imgproc/src/stackblur.cpp#FUNCTIONNOTFOUND#401,3,153,1766,129,20,0,20,40506,70,654,8,2,1.0,2,1.0,2,25.0,1,0.0178700100306416,2,0.0067033813880559,2,25.0
sumpixels.dispatch.MUT72.cpp,"opencv_imgproc/modules/imgproc/src/sumpixels.dispatch.cpp#integral_(const T * src, size_t _srcstep, ST * sum, size_t _sumstep, QT * sqsum, size_t _sqsumstep, ST * tilted, size_t _tiltedstep, int width, int height, int cn)#288",1,96,1178,147,20,0,20,17375,3,654,6,1,1.0,1,1.0,1,16.666666666666664,1,0.0356896211523283,1,0.0356896211523283,1,16.666666666666664
phasecorr.MUT218.cpp,opencv_imgproc/modules/imgproc/src/phasecorr.cpp#fftShift(cv::InputOutputArray _out)#401,1,135,1399,137,20,2,18,618,4,654,5,1,1.0,1,1.0,1,20.0,1,0.0411699685400901,1,0.0411699685400901,1,20.0
demosaicing.MUT469.cpp,"opencv_imgproc/modules/imgproc/src/demosaicing.cpp#Bayer2RGB_VNG_8u(const class cv::Mat & srcmat, class cv::Mat & dstmat, int code)#1090",2,241,1779,113,20,0,20,327,1,654,3,1,0.7071067811865475,1,0.7071067811865475,1,33.33333333333333,1,0.0235191637630662,1,0.0235191637630662,1,33.33333333333333
histogram.MUT590.cpp,"opencv_imgproc/modules/imgproc/src/histogram.cpp#calcBackProj_(int & _ptrs, const int & _deltas, cv::Size imsize, const class cv::Mat & hist, int dims, const float ** _ranges, const double * _uniranges, float scale, _Bool uniform)#1333",1,313,1584,86,20,0,20,1482,1,654,12,1,0.3535533905932737,654,0.0,12,100.0,1,0.0260241065407956,654,0.0,12,100.0
corner.MUT225.cpp,"opencv_imgproc/modules/imgproc/src/corner.cpp#cvPreCornerDetect(const void * srcarr, void * dstarr, int aperture_size)#777",1,195,1050,136,20,5,15,58120,1,654,20,1,1.0,1,1.0,1,5.0,1,0.0312478493143614,1,0.0312478493143614,1,5.0
spatialgradient.MUT79.cpp,"opencv_imgproc/modules/imgproc/src/spatialgradient.cpp#spatialGradient(cv::InputArray _src, cv::OutputArray _dx, cv::OutputArray _dy, int ksize, int borderType)#228",1,269,1237,134,20,6,14,46422,4,654,21,1,1.0,1,1.0,1,4.761904761904762,1,0.0380952380952381,1,0.0380952380952381,1,4.761904761904762
templmatch.MUT155.cpp,"opencv_imgproc/modules/imgproc/src/templmatch.cpp#matchTemplateMask(cv::InputArray _img, cv::InputArray _templ, cv::OutputArray _result, int method, cv::InputArray _mask)#870",24,335,1417,133,20,6,14,44087,0,654,12,654,0.0,654,0.0,12,100.0,654,0.0,654,0.0,12,100.0
morph.dispatch.MUT138.cpp,"opencv_imgproc/modules/imgproc/src/morph.dispatch.cpp#morphologyEx(cv::InputArray _src, cv::OutputArray _dst, int op, cv::InputArray _kernel, cv::Point anchor, int iterations, int borderType, const cv::Scalar & borderValue)#1198",1,227,947,97,20,7,13,12508,9,654,26,2,1.0,2,1.0,2,7.6923076923076925,1,0.0331163467065617,2,0.0142571634137706,2,7.6923076923076925
resize.MUT1001.cpp,"opencv_imgproc/modules/imgproc/src/resize.cpp#VResizeLinear::operator()(const WT ** src, T * dst, const AT * beta, int width)#1884",2,842,1430,130,10,0,10,2000,3,654,67,1,1.0,1,1.0,1,1.4925373134328357,1,0.0681363863522784,1,0.0681363863522784,1,1.4925373134328357
lsd.MUT192.cpp,"opencv_imgproc/modules/imgproc/src/lsd.cpp#LineSegmentDetectorImpl::region2rect(const int & reg, const double reg_angle, const double prec, const double p, struct cv::LineSegmentDetectorImpl::rect & rec)#703",2,515,1605,119,20,0,20,6521,43,654,43,3,1.0,654,0.0,43,100.0,1,0.0151515151515151,653,0.0,42,97.67441860465115
contours.MUT238.cpp,"opencv_imgproc/modules/imgproc/src/contours.cpp#icvFetchContourEx(schar * ptr, int step, CvPoint pt, CvSeq * contour, int _method, int nbd, CvRect * _rect)#812",23,750,1337,127,20,0,20,33014,75,654,50,1,0.5107539184552492,1,0.5107539184552492,1,2.0,1,0.0384486814649832,2,0.0075153105885847,2,4.0
rotcalipers.MUT78.cpp,"opencv_imgproc/modules/imgproc/src/rotcalipers.cpp#rotatingCalipers(const cv::Point2f * points, int n, int mode, float * out)#242",1,83,1358,37,4,0,4,2610,1,654,6,1,0.4082482904638631,1,0.4082482904638631,1,16.666666666666664,1,0.0782608695652174,1,0.0782608695652174,1,16.666666666666664
color_lab.MUT1664.cpp,"opencv_imgproc/modules/imgproc/src/color_lab.cpp#RGB2Luv_b::operator()(const uchar * src, uchar * dst, int n)#3527",1,624,1489,180,20,1,19,2137,0,654,36,654,0.0,654,0.0,36,100.0,653,0.0,653,0.0,35,97.22222222222221
histogram.MUT96.cpp,"opencv_imgproc/modules/imgproc/src/histogram.cpp#calcHist_(int & _ptrs, const int & _deltas, cv::Size imsize, class cv::Mat & hist, int dims, const float ** _ranges, const double * _uniranges, _Bool uniform)#254",1,581,1486,133,20,0,20,1878,25,654,18,2,1.0,2,1.0,2,11.11111111111111,1,0.0249078312287388,2,0.0182764291354242,2,11.11111111111111
color_lab.MUT615.cpp,opencv_imgproc/modules/imgproc/src/color_lab.cpp#createLabTabs()#1247,4,947,1534,173,20,5,15,615,14,654,52,1,1.0,1,1.0,1,1.9230769230769231,1,0.0384615384615384,1,0.0384615384615384,1,1.9230769230769231
corner.MUT193.cpp,"opencv_imgproc/modules/imgproc/src/corner.cpp#preCornerDetect(cv::InputArray _src, cv::OutputArray _dst, int ksize, int borderType)#695",1,230,1216,141,20,0,20,65873,0,654,20,654,0.0,654,0.0,20,100.0,654,0.0,654,0.0,20,100.0
corner.MUT84.cpp,"opencv_imgproc/modules/imgproc/src/corner.cpp#eigen2x2(const float * cov, float * dst, int n)#209",1,287,1264,88,20,0,20,45948,1,654,26,1,1.0,1,1.0,1,3.8461538461538463,1,0.0238074511181651,1,0.0238074511181651,1,3.8461538461538463
histogram.MUT1394.cpp,"opencv_imgproc/modules/imgproc/src/histogram.cpp#cvCalcArrBackProjectPatch(CvArr ** arr, CvArr * dst, CvSize patch_size, CvHistogram * hist, int method, double norm_factor)#3132",1,239,1325,192,20,4,16,1965,1,654,13,1,0.7071067811865475,1,0.7071067811865475,1,7.6923076923076925,1,0.0292920830590628,1,0.0292920830590628,1,7.6923076923076925
corner.MUT2.cpp,"opencv_imgproc/modules/imgproc/src/corner.cpp#calcMinEigenVal(const class cv::Mat & _cov, class cv::Mat & _dst)#62",2,348,1280,80,20,0,20,52546,2,654,35,1,1.0,1,1.0,1,2.857142857142857,1,0.0317424068732421,1,0.0317424068732421,1,2.857142857142857
canny.MUT240.cpp,"opencv_imgproc/modules/imgproc/src/canny.cpp#Canny(cv::InputArray _src, cv::OutputArray _dst, double low_thresh, double high_thresh, int aperture_size, _Bool L2gradient)#855",1,500,1336,113,20,0,20,55073,27,654,32,1,0.2581988897471611,654,0.0,32,100.0,1,0.0300182120092131,654,0.0,32,100.0
phasecorr.MUT326.cpp,"opencv_imgproc/modules/imgproc/src/phasecorr.cpp#createHanningWindow(cv::OutputArray _dst, cv::Size winSize, int type)#637",2,180,1364,141,20,0,20,684,37,654,6,1,1.0,5,0.7071067811865475,5,83.33333333333334,1,0.0211998975541042,4,0.0021586813749702,4,66.66666666666666
contours_new.MUT237.cpp,opencv_imgproc/modules/imgproc/src/contours_new.cpp#ContourScanner_::findNext()#596,112,368,1304,152,20,0,20,1052,629,654,19,1,1.0,1,1.0,1,5.263157894736842,1,0.0132651984503836,3,0.0084203861981639,3,15.789473684210526
demosaicing.MUT744.cpp,opencv_imgproc/modules/imgproc/src/demosaicing.cpp#Bayer2RGB_EdgeAware_T_Invoker::operator()(const class cv::Range & range)#1562,1,93,1386,77,20,0,20,317,4,654,5,1,1.0,654,0.0,5,100.0,1,0.0380952380952381,654,0.0,5,100.0
intelligent_scissors.MUT172.cpp,opencv_imgproc/modules/imgproc/src/intelligent_scissors.cpp#Impl::buildMap(const cv::Point & start_point)#601,14,722,1144,84,18,5,13,41329,47,654,57,1,1.0,1,1.0,1,1.7543859649122806,1,0.0699352914405539,1,0.0699352914405539,1,1.7543859649122806
samplers.MUT28.cpp,"opencv_imgproc/modules/imgproc/src/samplers.cpp#getRectSubPix_Cn_(const _Tp * src, size_t src_step, cv::Size src_size, _DTp * dst, size_t dst_step, cv::Size win_size, cv::Point2f center, int cn)#140",1,67,985,92,20,0,20,94,0,654,4,654,0.0,654,0.0,4,100.0,654,0.0,654,0.0,4,100.0
histogram.MUT188.cpp,"opencv_imgproc/modules/imgproc/src/histogram.cpp#calcHist_(int & _ptrs, const int & _deltas, cv::Size imsize, class cv::Mat & hist, int dims, const float ** _ranges, const double * _uniranges, _Bool uniform)#372",2,669,1621,127,20,1,19,1298,42,654,20,1,1.0,1,1.0,1,5.0,1,0.0287929125138427,1,0.0287929125138427,1,5.0
phasecorr.MUT9.cpp,"opencv_imgproc/modules/imgproc/src/phasecorr.cpp#magSpectrums(cv::InputArray _src, cv::OutputArray _dst)#64",2,180,1537,118,20,0,20,637,44,654,6,1,1.0,1,1.0,1,16.666666666666664,1,0.009428608044525,1,0.009428608044525,1,16.666666666666664
grabcut.MUT53.cpp,"opencv_imgproc/modules/imgproc/src/grabcut.cpp#GMM::addSample(int ci, const cv::Vec3d color)#173",1,113,1368,140,20,4,16,609,1,654,9,1,0.7071067811865475,1,0.7071067811865475,1,11.11111111111111,1,0.0224913494809688,1,0.0224913494809688,1,11.11111111111111
phasecorr.MUT136.cpp,"opencv_imgproc/modules/imgproc/src/phasecorr.cpp#divSpectrums(cv::InputArray _srcA, cv::InputArray _srcB, cv::OutputArray _dst, int flags, _Bool conjB)#266",1,64,1122,24,20,0,20,426,0,654,1,654,0.0,654,0.0,1,100.0,654,0.0,654,0.0,1,100.0
contours.MUT57.cpp,"opencv_imgproc/modules/imgproc/src/contours.cpp#cvStartFindContours_Impl(void * _img, CvMemStorage * storage, int header_size, int mode, int method, CvPoint offset, int needFillBorder)#239",25,677,1415,125,20,0,20,27612,296,654,47,1,1.0,1,1.0,1,2.127659574468085,1,0.0423207711343304,1,0.0423207711343304,1,2.127659574468085
resize.MUT528.cpp,opencv_imgproc/modules/imgproc/src/resize.cpp#resizeNNInvoker::operator()(const class cv::Range & range)#987,2,407,1612,156,20,13,7,2344,2,654,33,1,0.7071067811865475,654,0.0,33,100.0,1,0.0330845771144278,653,0.0,32,96.96969696969697
intelligent_scissors.MUT33.cpp,"opencv_imgproc/modules/imgproc/src/intelligent_scissors.cpp#Impl::setEdgeFeatureCannyParameters(double threshold1, double threshold2, int apertureSize, _Bool L2gradient)#220",2,593,1220,113,20,0,20,59989,37,654,49,1,1.0,1,1.0,1,2.0408163265306123,1,0.012526565622257,1,0.012526565622257,1,2.0408163265306123
color_lab.MUT663.cpp,opencv_imgproc/modules/imgproc/src/color_lab.cpp#createLabTabs()#1326,4,789,1529,118,20,3,17,762,0,654,46,654,0.0,654,0.0,46,100.0,654,0.0,654,0.0,46,100.0
demosaicing.MUT565.cpp,"opencv_imgproc/modules/imgproc/src/demosaicing.cpp#Bayer2RGB_VNG_8u(const class cv::Mat & srcmat, class cv::Mat & dstmat, int code)#1227",2,241,1696,133,20,0,20,323,2,654,3,1,1.0,1,1.0,1,33.33333333333333,1,0.0313051146384479,1,0.0313051146384479,1,33.33333333333333
contours.MUT741.cpp,"opencv_imgproc/modules/imgproc/src/contours.cpp#findContours_legacy(cv::InputArray _image, cv::OutputArrayOfArrays _contours, cv::OutputArray _hierarchy, int mode, int method, cv::Point offset)#1858",77,1144,1421,116,20,2,18,7694,77,654,68,1,1.0,1,1.0,1,1.4705882352941175,1,0.0519362959806173,1,0.0519362959806173,1,1.4705882352941175
stackblur.MUT392.cpp,"opencv_imgproc/modules/imgproc/src/stackblur.cpp#opColumn(const float * srcPtr, float * dstPtr, float * stack, float * sum, float * sumIn, float * sumOut, const float mulVal, const int , const int , const int widthLen, const int ss, const int sp1)#774",13,418,1479,112,20,4,16,38116,0,654,28,654,0.0,654,0.0,28,100.0,654,0.0,654,0.0,28,100.0
stackblur.MUT203.cpp,"opencv_imgproc/modules/imgproc/src/stackblur.cpp#opComputeDiff(const uchar *& srcPtr, int *& diff0, const int w, const int CNR1)#444",2,163,1811,110,20,7,13,30941,21,654,8,2,1.0,2,1.0,2,25.0,1,0.0237310359474408,2,0.0129870129870129,2,25.0
intersection.MUT88.cpp,"opencv_imgproc/modules/imgproc/src/intersection.cpp#_rotatedRectangleIntersection(const class cv::RotatedRect & rect1, const class cv::RotatedRect & rect2, int & intersection)#250",4,83,1403,99,20,0,20,10076,171,654,3,2,0.8660254037844387,2,0.8660254037844387,2,66.66666666666666,1,0.0065781489403662,1,0.0065781489403662,1,33.33333333333333
intelligent_scissors.MUT8.cpp,opencv_imgproc/modules/imgproc/src/intelligent_scissors.cpp#Impl::resetFeatures_()#110,12,702,1241,79,17,1,16,47469,20,654,55,1,0.9128709291752768,1,0.9128709291752768,1,1.8181818181818181,1,0.0560173349077403,1,0.0560173349077403,1,1.8181818181818181
histogram.MUT1157.cpp,"opencv_imgproc/modules/imgproc/src/histogram.cpp#cvGetMinMaxHistValue(const CvHistogram * hist, float * value_min, float * value_max, int * idx_min, int * idx_max)#2621",1,73,926,111,20,1,19,1391,1,654,3,1,1.0,1,1.0,1,33.33333333333333,1,0.0248922413793103,1,0.0248922413793103,1,33.33333333333333
demosaicing.MUT784.cpp,opencv_imgproc/modules/imgproc/src/demosaicing.cpp#Bayer2RGB_EdgeAware_T_Invoker::operator()(const class cv::Range & range)#1618,1,93,1386,68,20,0,20,274,0,654,5,654,0.0,654,0.0,5,100.0,654,0.0,654,0.0,5,100.0
color_lab.MUT947.cpp,"opencv_imgproc/modules/imgproc/src/color_lab.cpp#RGB2Lab_f::operator()(const float * src, float * dst, int n)#2116",2,573,1516,116,20,6,14,1889,2,654,32,1,1.0,1,1.0,1,3.125,1,0.0391534391534391,1,0.0391534391534391,1,3.125
canny.MUT176.cpp,opencv_imgproc/modules/imgproc/src/canny.cpp#parallelCanny::operator()(const class cv::Range & boundaries)#619,8,562,1463,93,20,0,20,65467,0,654,34,654,0.0,654,0.0,34,100.0,654,0.0,654,0.0,34,100.0
histogram.MUT1337.cpp,"opencv_imgproc/modules/imgproc/src/histogram.cpp#cvCalcArrHist(CvArr ** img, CvHistogram * hist, int accumulate, const CvArr * mask)#2993",1,420,1517,128,20,1,19,2117,2,654,17,1,1.0,1,1.0,1,5.88235294117647,1,0.0165486307837582,1,0.0165486307837582,1,5.88235294117647
emd_new.MUT24.cpp,"opencv_imgproc/modules/imgproc/src/emd_new.cpp#EMDSolver::getCost(int i, int j)#136",5,346,1655,169,20,13,7,237,107,654,19,2,0.8944271909999159,654,0.0,19,100.0,1,0.014917077942288,654,0.0,19,100.0
contours.MUT7.cpp,"opencv_imgproc/modules/imgproc/src/contours.cpp#cvStartReadChainPoints(CvChain * chain, CvChainPtReader * reader)#73",39,835,1428,137,20,0,20,15726,0,654,57,654,0.0,654,0.0,57,100.0,653,0.0,653,0.0,56,98.24561403508771
emd_new.MUT327.cpp,opencv_imgproc/modules/imgproc/src/emd_new.cpp#EMDSolver::callRussel()#761,1,165,1456,138,20,0,20,2155,25,654,12,1,1.0,1,1.0,1,8.333333333333332,1,0.0183150183150183,1,0.0183150183150183,1,8.333333333333332
sumpixels.dispatch.MUT113.cpp,"opencv_imgproc/modules/imgproc/src/sumpixels.dispatch.cpp#integral(int depth, int sdepth, int sqdepth, const uchar * src, size_t srcstep, uchar * sum, size_t sumstep, uchar * sqsum, size_t sqsumstep, uchar * tilted, size_t tstep, int width, int height, int cn)#383",1,83,1056,134,20,3,17,17678,9,654,6,1,1.0,1,1.0,1,16.666666666666664,1,0.0498446722584653,1,0.0498446722584653,1,16.666666666666664
min_enclosing_triangle.MUT121.cpp,"opencv_imgproc/modules/imgproc/src/min_enclosing_triangle.cpp#intersects(double angleGammaAndPoint, unsigned int polygonPointIndex, const int & polygon, unsigned int nrOfPoints, unsigned int c)#818",1,313,1505,184,20,3,17,429,7,654,56,1,1.0,2,0.5773502691896258,2,3.571428571428571,1,0.0073643410852713,2,0.0059108527131782,2,3.571428571428571
grabcut.MUT127.cpp,"opencv_imgproc/modules/imgproc/src/grabcut.cpp#calcNWeights(const class cv::Mat & img, class cv::Mat & leftW, class cv::Mat & upleftW, class cv::Mat & upW, class cv::Mat & uprightW, double beta, double gamma)#304",2,260,1480,165,20,2,18,30,126,654,19,12,0.7071067811865475,12,0.7071067811865475,12,63.1578947368421,1,0.0063742032245969,12,0.0003937007874015,12,63.1578947368421
rotcalipers.MUT18.cpp,"opencv_imgproc/modules/imgproc/src/rotcalipers.cpp#rotatingCalipers(const cv::Point2f * points, int n, int mode, float * out)#145",4,146,1652,38,20,0,20,449,97,654,8,1,0.8660254037844387,2,0.7071067811865475,2,25.0,1,0.0135736961451247,2,0.0012755102040816,2,25.0
contours.MUT136.cpp,"opencv_imgproc/modules/imgproc/src/contours.cpp#icvFetchContour(schar * ptr, int step, CvPoint pt, CvSeq * contour, int _method)#572",8,535,1522,169,20,0,20,31289,8,654,36,1,0.2672612419124244,654,0.0,36,100.0,1,0.0514510054581116,653,0.0,35,97.22222222222221
templmatch.MUT58.cpp,"opencv_imgproc/modules/imgproc/src/templmatch.cpp#crossCorr(const class cv::Mat & img, const class cv::Mat & _templ, class cv::Mat & corr, cv::Point anchor, double delta, int borderType)#677",147,390,1330,106,20,2,18,7994,403,654,27,1,0.9931739816482956,1,0.9931739816482956,1,3.7037037037037033,1,0.0497961560861968,1,0.0497961560861968,1,3.7037037037037033
histogram.MUT516.cpp,"opencv_imgproc/modules/imgproc/src/histogram.cpp#calcSparseHist_(int & _ptrs, const int & _deltas, cv::Size imsize, class cv::SparseMat & hist, int dims, const float ** _ranges, const double * _uniranges, _Bool uniform)#1082",2,513,1571,162,4,0,4,1024,23,654,19,1,1.0,1,1.0,1,5.263157894736842,1,0.0178571428571428,1,0.0178571428571428,1,5.263157894736842
resize.MUT634.cpp,opencv_imgproc/modules/imgproc/src/resize.cpp#resizeNN_bitexactInvoker::operator()(const class cv::Range & range)#1172,1,286,1583,186,20,6,14,4710,9,654,24,2,1.0,2,1.0,2,8.333333333333332,1,0.0314895708811404,1,0.0314895708811404,1,4.166666666666666
demosaicing.MUT338.cpp,opencv_imgproc/modules/imgproc/src/demosaicing.cpp#Bayer2RGB_Invoker::operator()(const class cv::Range & range)#877,1,184,1587,28,20,0,20,3110,7,654,7,1,0.7071067811865475,1,0.7071067811865475,1,14.285714285714285,1,0.0116139351915629,1,0.0116139351915629,1,14.285714285714285
histogram.MUT1240.cpp,"opencv_imgproc/modules/imgproc/src/histogram.cpp#cvCompareHist(const CvHistogram * hist1, const CvHistogram * hist2, int method)#2769",2,545,1547,186,20,1,19,1053,26,654,17,1,1.0,1,1.0,1,5.88235294117647,1,0.0333333333333333,1,0.0333333333333333,1,5.88235294117647
resize.MUT1563.cpp,"opencv_imgproc/modules/imgproc/src/resize.cpp#resize(int src_type, const uchar * src_data, size_t src_step, int src_width, int src_height, uchar * dst_data, size_t dst_step, int dst_width, int dst_height, double inv_scale_x, double inv_scale_y, int interpolation)#3988",2,590,1753,168,9,0,9,1394,3,654,47,1,0.7071067811865475,1,0.7071067811865475,1,2.127659574468085,1,0.0744252873563218,1,0.0744252873563218,1,2.127659574468085
samplers.MUT170.cpp,"opencv_imgproc/modules/imgproc/src/samplers.cpp#getRectSubPix(cv::InputArray _image, cv::Size patchSize, cv::Point2f center, cv::OutputArray _patch, int patchType)#393",1,67,985,89,20,2,18,54,13,654,4,1,1.0,1,1.0,1,25.0,1,0.0285714285714285,1,0.0285714285714285,1,25.0
histogram.MUT20.cpp,"opencv_imgproc/modules/imgproc/src/histogram.cpp#calcHistLookupTables_8u(const class cv::Mat & hist, const class cv::SparseMat & shist, int dims, const float ** ranges, const double * uniranges, _Bool uniform, _Bool issparse, int & _tab)#88",5,370,1318,118,20,0,20,829,9,654,18,1,1.0,1,1.0,1,5.555555555555555,1,0.0378339538833366,1,0.0378339538833366,1,5.555555555555555
emd_new.MUT333.cpp,opencv_imgproc/modules/imgproc/src/emd_new.cpp#EMDSolver::callRussel()#768,3,341,1599,121,20,0,20,1400,186,654,19,4,1.0,4,1.0,4,21.052631578947366,1,0.0076394194041252,1,0.0076394194041252,1,5.263157894736842
stackblur.MUT400.cpp,"opencv_imgproc/modules/imgproc/src/stackblur.cpp#opColumn(const float * srcPtr, float * dstPtr, float * stack, float * sum, float * sumIn, float * sumOut, const float mulVal, const int , const int , const int widthLen, const int ss, const int sp1)#784",13,418,1454,93,20,4,16,32493,152,654,28,2,1.0,2,1.0,2,7.142857142857142,1,0.0389044506691565,1,0.0389044506691565,1,3.571428571428571
color_lab.MUT1713.cpp,"opencv_imgproc/modules/imgproc/src/color_lab.cpp#Luv2RGBinteger::process(const uchar LL, const uchar uu, const uchar vv, int & ro, int & go, int & bo)#3630",1,393,1487,159,20,0,20,2634,0,654,27,654,0.0,654,0.0,27,100.0,654,0.0,654,0.0,27,100.0
histogram.MUT1258.cpp,"opencv_imgproc/modules/imgproc/src/histogram.cpp#cvCompareHist(const CvHistogram * hist1, const CvHistogram * hist2, int method)#2795",1,248,1580,172,20,1,19,947,0,654,5,654,0.0,654,0.0,5,100.0,654,0.0,654,0.0,5,100.0
rotcalipers.MUT116.cpp,"opencv_imgproc/modules/imgproc/src/rotcalipers.cpp#rotatingCalipers(const cv::Point2f * points, int n, int mode, float * out)#329",4,147,1607,52,20,0,20,419,99,654,8,1,1.0,1,1.0,1,12.5,1,0.0078095238095238,2,0.0057142857142857,2,25.0
corner.avx.MUT49.cpp,"opencv_imgproc/modules/imgproc/src/corner.avx.cpp#calcHarrisLine_AVX(const float * cov, float * dst, double k, int width)#157",1,371,1049,115,20,13,7,34687,6,654,38,1,1.0,1,1.0,1,2.631578947368421,1,0.0408163265306122,1,0.0408163265306122,1,2.631578947368421
min_enclosing_triangle.MUT240.cpp,"opencv_imgproc/modules/imgproc/src/min_enclosing_triangle.cpp#lineIntersection(double a1, double b1, double c1, double a2, double b2, double c2, cv::Point2f & intersection)#1345",1,162,1276,184,4,0,4,785,2,654,31,1,1.0,654,0.0,31,100.0,1,0.0416666666666666,652,0.0,29,93.54838709677419
histogram.MUT1271.cpp,"opencv_imgproc/modules/imgproc/src/histogram.cpp#cvCopyHist(const CvHistogram * src, CvHistogram ** _dst)#2832",1,73,845,119,20,0,20,1365,7,654,6,1,1.0,1,1.0,1,16.666666666666664,1,0.0446428571428571,1,0.0446428571428571,1,16.666666666666664
min_enclosing_triangle.MUT202.cpp,"opencv_imgproc/modules/imgproc/src/min_enclosing_triangle.cpp#angleOfLineWrtOxAxis(const cv::Point2f & a, const cv::Point2f & b)#1174",1,229,1421,235,20,1,19,427,0,654,47,654,0.0,654,0.0,47,100.0,653,0.0,653,0.0,46,97.87234042553192
contours_new.MUT84.cpp,"opencv_imgproc/modules/imgproc/src/contours_new.cpp#icvFetchContourEx(class cv::Mat & image, const cv::Point & start, T nbd, class cv::Contour & res_contour, const _Bool isDirect)#224",51,711,1549,130,20,1,19,30136,224,654,48,1,1.0,1,1.0,1,2.083333333333333,1,0.026212272963442,1,0.026212272963442,1,2.083333333333333
resize.MUT818.cpp,"opencv_imgproc/modules/imgproc/src/resize.cpp#VResizeLanczos4Vec_32f::operator()(const float ** src, float * dst, const float * beta, int width)#1551",2,734,1662,120,20,2,18,575,0,654,57,654,0.0,654,0.0,57,100.0,654,0.0,654,0.0,57,100.0
color_lab.MUT1154.cpp,"opencv_imgproc/modules/imgproc/src/color_lab.cpp#Lab2RGBinteger::process(const uchar LL, const uchar aa, const uchar bb, int & ro, int & go, int & bo)#2480",1,335,1401,186,20,0,20,4497,0,654,23,654,0.0,654,0.0,23,100.0,654,0.0,654,0.0,23,100.0
color_lab.MUT1151.cpp,"opencv_imgproc/modules/imgproc/src/color_lab.cpp#Lab2RGBinteger::process(const uchar LL, const uchar aa, const uchar bb, int & ro, int & go, int & bo)#2473",1,338,1511,162,20,1,19,2417,0,654,23,654,0.0,654,0.0,23,100.0,654,0.0,654,0.0,23,100.0
color_lab.MUT948.cpp,"opencv_imgproc/modules/imgproc/src/color_lab.cpp#RGB2Lab_f::operator()(const float * src, float * dst, int n)#2121",1,573,1441,135,20,1,19,5198,1,654,32,1,0.5773502691896258,1,0.5773502691896258,1,3.125,1,0.0249564080209241,1,0.0249564080209241,1,3.125
stackblur.MUT12.cpp,"opencv_imgproc/modules/imgproc/src/stackblur.cpp#opRow(const uchar * srcPtr, uchar * dstPtr, const int & kVec, const float , const int radius, const int CN, const int widthCN)#118",7,224,1514,134,20,7,13,25670,144,654,15,1,1.0,1,1.0,1,6.666666666666667,1,0.0334585824835791,1,0.0334585824835791,1,6.666666666666667
histogram.MUT196.cpp,"opencv_imgproc/modules/imgproc/src/histogram.cpp#calcHist_(int & _ptrs, const int & _deltas, cv::Size imsize, class cv::Mat & hist, int dims, const float ** _ranges, const double * _uniranges, _Bool uniform)#380",2,669,1502,182,9,0,9,1148,26,654,20,1,1.0,1,1.0,1,5.0,1,0.0256648293201818,1,0.0256648293201818,1,5.0
color_lab.MUT1251.cpp,"opencv_imgproc/modules/imgproc/src/color_lab.cpp#Lab2RGBinteger::operator()(const uchar * src, uchar * dst, int n)#2667",1,306,1490,173,20,0,20,2721,0,654,22,654,0.0,654,0.0,22,100.0,654,0.0,654,0.0,22,100.0
min_enclosing_triangle.MUT12.cpp,"opencv_imgproc/modules/imgproc/src/min_enclosing_triangle.cpp#findMinimumAreaEnclosingTriangle(const int & polygon, int & triangle, double & area)#385",1,89,1298,156,19,0,19,1206,3,654,18,2,1.0,2,1.0,2,11.11111111111111,1,0.0120857497928748,1,0.0120857497928748,1,5.555555555555555
emd_new.MUT77.cpp,"opencv_imgproc/modules/imgproc/src/emd_new.cpp#EMDSolver::calcSums(const class cv::Mat & sign1, const class cv::Mat & sign2)#277",4,347,1537,88,20,0,20,714,58,654,19,1,1.0,1,1.0,1,5.263157894736842,1,0.0254237288135593,3,0.0072639225181598,3,15.789473684210526
resize.avx2.MUT21.cpp,opencv_imgproc/modules/imgproc/src/resize.avx2.cpp#resizeNNInvokerAVX4::operator()(const class cv::Range & range)#105,1,72,816,92,20,0,20,2480,14,654,9,3,1.0,3,1.0,3,33.33333333333333,1,0.012612263358532,2,0.0111111111111111,2,22.22222222222222
color_lab.MUT1447.cpp,"opencv_imgproc/modules/imgproc/src/color_lab.cpp#Luv2RGBfloat::Luv2RGBfloat(int _dstcn, int blueIdx, const float * _coeffs, const float * whitept, _Bool _srgb)#3081",1,468,1552,92,11,1,10,2504,1,654,34,1,0.7071067811865475,1,0.7071067811865475,1,2.941176470588235,1,0.0453093812375249,1,0.0453093812375249,1,2.941176470588235
