bug_name,key,total # of functions,# of functions with same highest Binary score,Binary score of highest rank,rank of buggy function (Binary),Binary score of buggy function,rank of buggy function among functions executed by failing tcs (Binary),# of functions with same highest GP13 score,GP13 score of highest rank,rank of buggy function (GP13),GP13 score of buggy function,rank of buggy function among functions executed by failing tcs (GP13),# of functions with same highest Jaccard score,Jaccard score of highest rank,rank of buggy function (Jaccard),Jaccard score of buggy function,rank of buggy function among functions executed by failing tcs (Jaccard),# of functions with same highest Naish1 score,Naish1 score of highest rank,rank of buggy function (Naish1),Naish1 score of buggy function,rank of buggy function among functions executed by failing tcs (Naish1),# of functions with same highest Naish2 score,Naish2 score of highest rank,rank of buggy function (Naish2),Naish2 score of buggy function,rank of buggy function among functions executed by failing tcs (Naish2),# of functions with same highest Ochiai score,Ochiai score of highest rank,rank of buggy function (Ochiai),Ochiai score of buggy function,rank of buggy function among functions executed by failing tcs (Ochiai),# of functions with same highest Russel+Rao score,Russel+Rao score of highest rank,rank of buggy function (Russel+Rao),Russel+Rao score of buggy function,rank of buggy function among functions executed by failing tcs (Russel+Rao),# of functions with same highest Wong1 score,Wong1 score of highest rank,rank of buggy function (Wong1),Wong1 score of buggy function,rank of buggy function among functions executed by failing tcs (Wong1)
rho.MUT704.cpp,"opencv_calib3d/modules/calib3d/src/rho.cpp#sacTRInv8x8(const float (*)[8] L, float (*)[8] M)#2563",595,72,1,72,1,72,53,2.0,53,2.0,53,53,1.0,53,1.0,53,53,156,53,156,53,53,1.0,53,1.0,53,53,1.0,53,1.0,53,72,0.0063694267515923,72,0.0063694267515923,72,72,1,72,1,72
rho.MUT595.cpp,"opencv_calib3d/modules/calib3d/src/rho.cpp#sacCalcJacobianErrors(const float * H, const float * src, const float * dst, const char * inl, unsigned int N, float (*)[8] JtJ, float * Jte, float * Sp)#2282",595,72,1,72,1,72,53,2.0,53,2.0,53,53,1.0,53,1.0,53,53,156,53,156,53,53,1.0,53,1.0,53,53,1.0,53,1.0,53,72,0.0063694267515923,72,0.0063694267515923,72,72,1,72,1,72
stereobm.MUT302.cpp,"opencv_calib3d/modules/calib3d/src/stereobm.cpp#findStereoCorrespondenceBM_SIMD(const class cv::Mat & left, const class cv::Mat & right, class cv::Mat & disp, class cv::Mat & cost, const struct cv::StereoBMParams & state, int _dy0, int _dy1, const class cv::BufferBM & bufX, size_t bufNum)#620",595,18,1,18,1,18,7,2.0,7,2.0,7,7,1.0,7,1.0,7,7,155,7,155,7,7,1.0,7,1.0,7,7,1.0,7,1.0,7,18,0.0064102564102564,18,0.0064102564102564,18,18,1,18,1,18
calibration.MUT603.cpp,"opencv_calib3d/modules/calib3d/src/calibration.cpp#cvFindExtrinsicCameraParams2(const CvMat * objectPoints, const CvMat * imagePoints, const CvMat * A, const CvMat * distCoeffs, CvMat * rvec, CvMat * tvec, int useExtrinsicGuess)#1265",595,6,1,6,1,6,2,7.0,2,7.0,2,2,1.0,2,1.0,2,2,152,2,152,2,2,6.0,2,6.0,2,2,1.0,2,1.0,2,6,0.0379746835443038,6,0.0379746835443038,6,6,6,6,6,6
calibration.MUT221.cpp,"opencv_calib3d/modules/calib3d/src/calibration.cpp#cvProjectPoints2Internal(const CvMat * objectPoints, const CvMat * r_vec, const CvMat * t_vec, const CvMat * A, const CvMat * distCoeffs, CvMat * imagePoints, CvMat * dpdr, CvMat * dpdt, CvMat * dpdf, CvMat * dpdc, CvMat * dpdk, CvMat * dpdo, double aspectRatio)#597",595,3,1,3,1,3,2,6.0,2,6.0,2,2,1.0,2,1.0,2,2,153,2,153,2,2,5.0,2,5.0,2,2,1.0,2,1.0,2,3,0.0316455696202531,3,0.0316455696202531,3,3,5,3,5,3
calibration.MUT969.cpp,"opencv_calib3d/modules/calib3d/src/calibration.cpp#cvCalibrateCamera2Internal(const CvMat * objectPoints, const CvMat * imagePoints, const CvMat * npoints, CvSize imageSize, int iFixedPoint, CvMat * cameraMatrix, CvMat * distCoeffs, CvMat * rvecs, CvMat * tvecs, CvMat * newObjPoints, CvMat * stdDevs, CvMat * perViewErrors, int flags, CvTermCriteria termCrit)#1904",595,19,1,19,1,19,2,3.0,2,3.0,2,2,1.0,2,1.0,2,2,154,2,154,2,2,2.0,2,2.0,2,2,1.0,2,1.0,2,19,0.0128205128205128,19,0.0128205128205128,19,19,2,19,2,19
stereobm.MUT10.cpp,"opencv_calib3d/modules/calib3d/src/stereobm.cpp#StereoBMParams::StereoBMParams(int _numDisparities, int _SADWindowSize)#71",595,17,1,17,1,17,17,2.0,17,2.0,17,17,1.0,17,1.0,17,17,153,17,153,17,17,1.0,17,1.0,17,17,1.0,17,1.0,17,17,0.0064935064935064,17,0.0064935064935064,17,17,1,17,1,17
solvepnp.MUT389.cpp,"opencv_calib3d/modules/calib3d/src/solvepnp.cpp#solvePnPGeneric(cv::InputArray _opoints, cv::InputArray _ipoints, cv::InputArray _cameraMatrix, cv::InputArray _distCoeffs, cv::OutputArrayOfArrays _rvecs, cv::OutputArrayOfArrays _tvecs, _Bool useExtrinsicGuess, enum cv::SolvePnPMethod flags, cv::InputArray _rvec, cv::InputArray _tvec, cv::OutputArray reprojectionError)#1059",595,75,1,75,1,75,54,2.0,54,2.0,54,54,1.0,54,1.0,54,54,141,54,141,54,54,1.0,54,1.0,54,54,1.0,54,1.0,54,75,0.0070422535211267,75,0.0070422535211267,75,75,1,75,1,75
fundam.MUT250.cpp,"opencv_calib3d/modules/calib3d/src/fundam.cpp#run7Point(const class cv::Mat & _m1, const class cv::Mat & _m2, class cv::Mat & _fmatrix)#602",595,19,1,19,1,19,7,2.0,7,2.0,7,7,1.0,7,1.0,7,7,156,7,156,7,7,1.0,7,1.0,7,7,1.0,7,1.0,7,19,0.0063694267515923,19,0.0063694267515923,19,19,1,19,1,19
levmarq.MUT31.cpp,opencv_calib3d/modules/calib3d/src/levmarq.cpp#LMSolverImpl::run(cv::InputOutputArray _param0)#134,595,2,1,2,1,2,2,5.0,2,5.0,2,2,1.0,2,1.0,2,2,135,2,135,2,2,4.0,2,4.0,2,2,1.0,2,1.0,2,2,0.0287769784172661,2,0.0287769784172661,2,2,4,2,4,2
sqpnp.MUT127.cpp,opencv_calib3d/modules/calib3d/src/sqpnp.cpp#PoseSolver::solveInternal(cv::InputArray objectPoints)#292,595,86,1,86,1,86,11,2.0,11,2.0,11,11,1.0,11,1.0,11,11,155,11,155,11,11,1.0,11,1.0,11,11,1.0,11,1.0,11,86,0.0064102564102564,86,0.0064102564102564,86,86,1,86,1,86
rho.MUT461.cpp,"opencv_calib3d/modules/calib3d/src/rho.cpp#hFuncRefC(float * packedPoints, float * H)#1962",595,63,1,63,1,63,47,3.0,47,3.0,47,47,1.0,47,1.0,47,47,156,47,156,47,47,2.0,47,2.0,47,47,1.0,47,1.0,47,63,0.0126582278481012,63,0.0126582278481012,63,63,2,63,2,63
fundam.MUT455.cpp,"opencv_calib3d/modules/calib3d/src/fundam.cpp#convertPointsFromHomogeneous(cv::InputArray _src, cv::OutputArray _dst)#1030",595,3,1,3,1,3,3,2.0,3,2.0,3,3,1.0,3,1.0,3,3,147,3,147,3,3,1.0,3,1.0,3,3,1.0,3,1.0,3,3,0.0067567567567567,3,0.0067567567567567,3,3,1,3,1,3
ippe.MUT73.cpp,"opencv_calib3d/modules/calib3d/src/ippe.cpp#PoseSolver::solveSquare(cv::InputArray _objectPoints, cv::InputArray _imagePoints, cv::OutputArray _rvec1, cv::OutputArray _tvec1, float & err1, cv::OutputArray _rvec2, cv::OutputArray _tvec2, float & err2)#226",595,66,1,66,1,66,4,4.0,4,4.0,4,4,1.0,4,1.0,4,4,154,4,154,4,4,3.0,4,3.0,4,4,1.0,4,1.0,4,66,0.019108280254777,66,0.019108280254777,66,66,3,66,3,66
ippe.MUT189.cpp,"opencv_calib3d/modules/calib3d/src/ippe.cpp#PoseSolver::computeRotations(double j00, double j01, double j10, double j11, double p, double q, cv::OutputArray _R1, cv::OutputArray _R2)#447",595,63,1,63,1,63,14,6.0,14,6.0,14,14,1.0,14,1.0,14,14,153,14,153,14,14,5.0,14,5.0,14,14,1.0,14,1.0,14,63,0.0316455696202531,63,0.0316455696202531,63,63,5,63,5,63
ptsetreg.MUT273.cpp,"opencv_calib3d/modules/calib3d/src/ptsetreg.cpp#Affine2DEstimatorCallback::runKernel(cv::InputArray _m1, cv::InputArray _m2, cv::OutputArray _model)#660",595,4,1,4,1,4,3,7.0,3,7.0,3,3,1.0,3,1.0,3,3,151,3,151,3,3,6.0,3,6.0,3,3,1.0,3,1.0,3,4,0.0382165605095541,4,0.0382165605095541,4,4,6,4,6,4
fisheye.MUT678.cpp,"opencv_calib3d/modules/calib3d/src/fisheye.cpp#ComputeHomography(class cv::Mat m, class cv::Mat M)#1399",595,5,1,5,1,5,4,2.0,4,2.0,4,4,1.0,4,1.0,4,4,150,4,150,4,4,1.0,4,1.0,4,4,1.0,4,1.0,4,5,0.0066225165562913,5,0.0066225165562913,5,5,1,5,1,5
solvepnp.MUT346.cpp,"opencv_calib3d/modules/calib3d/src/solvepnp.cpp#solvePnPGeneric(cv::InputArray _opoints, cv::InputArray _ipoints, cv::InputArray _cameraMatrix, cv::InputArray _distCoeffs, cv::OutputArrayOfArrays _rvecs, cv::OutputArrayOfArrays _tvecs, _Bool useExtrinsicGuess, enum cv::SolvePnPMethod flags, cv::InputArray _rvec, cv::InputArray _tvec, cv::OutputArray reprojectionError)#891",595,3,1,3,1,3,2,9.0,2,9.0,2,2,1.0,2,1.0,2,2,150,2,150,2,2,8.0,2,8.0,2,2,1.0,2,1.0,2,3,0.050632911392405,3,0.050632911392405,3,3,8,3,8,3
calibration.MUT195.cpp,"opencv_calib3d/modules/calib3d/src/calibration.cpp#cvRodrigues2(const CvMat * src, CvMat * dst, CvMat * jacobian)#514",595,1,1,1,1,1,1,7.0,1,7.0,1,1,1.0,1,1.0,1,1,152,1,152,1,1,6.0,1,6.0,1,1,1.0,1,1.0,1,1,0.0379746835443038,1,0.0379746835443038,1,1,6,1,6,1
ptsetreg.MUT183.cpp,"opencv_calib3d/modules/calib3d/src/ptsetreg.cpp#Affine3DEstimatorCallback::runKernel(cv::InputArray _m1, cv::InputArray _m2, cv::OutputArray _model)#445",595,11,1,11,1,11,5,2.0,5,2.0,5,5,1.0,5,1.0,5,5,156,5,156,5,5,1.0,5,1.0,5,5,1.0,5,1.0,5,11,0.0063694267515923,11,0.0063694267515923,11,11,1,11,1,11
circlesgrid.MUT524.cpp,"opencv_calib3d/modules/calib3d/src/circlesgrid.cpp#CirclesGridFinder::computeRNG(class Graph & rng, int & vectors, class cv::Mat * drawImage)#1236",595,11,1,11,1,11,9,3.0,9,3.0,9,9,1.0,9,1.0,9,9,153,9,153,9,9,2.0,9,2.0,9,9,1.0,9,1.0,9,11,0.0129032258064516,11,0.0129032258064516,11,11,2,11,2,11
rho.MUT15.cpp,opencv_calib3d/modules/calib3d/src/rho.cpp#RHO_HEST::fastRandom()#150,595,65,1,65,1,65,46,2.0,46,2.0,46,46,1.0,46,1.0,46,46,156,46,156,46,46,1.0,46,1.0,46,46,1.0,46,1.0,46,65,0.0063694267515923,65,0.0063694267515923,65,65,1,65,1,65
calibration.MUT1347.cpp,"opencv_calib3d/modules/calib3d/src/calibration.cpp#cvStereoCalibrateImpl(const CvMat * _objectPoints, const CvMat * _imagePoints1, const CvMat * _imagePoints2, const CvMat * _npoints, CvMat * _cameraMatrix1, CvMat * _distCoeffs1, CvMat * _cameraMatrix2, CvMat * _distCoeffs2, CvSize imageSize, CvMat * matR, CvMat * matT, CvMat * matE, CvMat * matF, CvMat * rvecs, CvMat * tvecs, CvMat * perViewErr, int flags, CvTermCriteria termCrit)#2608",595,50,1,50,1,50,8,2.0,8,2.0,8,8,1.0,8,1.0,8,8,156,8,156,8,8,1.0,8,1.0,8,8,1.0,8,1.0,8,50,0.0063694267515923,50,0.0063694267515923,50,50,1,50,1,50
calibration.MUT1495.cpp,"opencv_calib3d/modules/calib3d/src/calibration.cpp#cvStereoRectify(const CvMat * _cameraMatrix1, const CvMat * _cameraMatrix2, const CvMat * _distCoeffs1, const CvMat * _distCoeffs2, CvSize imageSize, const CvMat * matR, const CvMat * matT, CvMat * _R1, CvMat * _R2, CvMat * _P1, CvMat * _P2, CvMat * matQ, int flags, double alpha, CvSize newImgSize, CvRect * roi1, CvRect * roi2)#2867",595,77,1,77,1,77,13,2.0,13,2.0,13,13,1.0,13,1.0,13,13,154,13,154,13,13,1.0,13,1.0,13,13,1.0,13,1.0,13,77,0.0064516129032258,77,0.0064516129032258,77,77,1,77,1,77
calibration.MUT194.cpp,"opencv_calib3d/modules/calib3d/src/calibration.cpp#cvRodrigues2(const CvMat * src, CvMat * dst, CvMat * jacobian)#512",595,1,1,1,1,1,1,53.0,1,53.0,1,1,1.0,1,1.0,1,1,105,1,105,1,1,52.0,1,52.0,1,1,1.0,1,1.0,1,1,0.3312101910828025,1,0.3312101910828025,1,1,52,1,52,1
ippe.MUT225.cpp,"opencv_calib3d/modules/calib3d/src/ippe.cpp#PoseSolver::computeRotations(double j00, double j01, double j10, double j11, double p, double q, cv::OutputArray _R1, cv::OutputArray _R2)#501",595,72,1,72,1,72,15,4.0,15,4.0,15,15,1.0,15,1.0,15,15,153,15,153,15,15,3.0,15,3.0,15,15,1.0,15,1.0,15,72,0.0192307692307692,72,0.0192307692307692,72,72,3,72,3,72
calibration.MUT1597.cpp,"opencv_calib3d/modules/calib3d/src/calibration.cpp#cvStereoRectifyUncalibrated(const CvMat * _points1, const CvMat * _points2, const CvMat * F0, CvSize imgSize, CvMat * _H1, CvMat * _H2, double threshold)#3062",595,77,1,77,1,77,11,2.0,11,2.0,11,11,1.0,11,1.0,11,11,157,11,157,11,11,1.0,11,1.0,11,11,1.0,11,1.0,11,77,0.0063291139240506,77,0.0063291139240506,77,77,1,77,1,77
circlesgrid.MUT193.cpp,"opencv_calib3d/modules/calib3d/src/circlesgrid.cpp#Graph::areVerticesAdjacent(size_t id1, size_t id2)#506",595,37,1,37,1,37,30,4.0,30,4.0,30,30,1.0,30,1.0,30,30,153,30,153,30,30,3.0,30,3.0,30,30,1.0,30,1.0,30,37,0.0192307692307692,37,0.0192307692307692,37,37,3,37,3,37
calibinit.MUT545.cpp,"opencv_calib3d/modules/calib3d/src/calibinit.cpp#ChessBoardDetector::checkQuadGroup(const int & quad_group, int & out_corners)#1471",595,22,1,22,1,22,22,4.0,22,4.0,22,22,1.0,22,1.0,22,22,152,22,152,22,22,3.0,22,3.0,22,22,1.0,22,1.0,22,22,0.0193548387096774,22,0.0193548387096774,22,22,3,22,3,22
circlesgrid.MUT185.cpp,opencv_calib3d/modules/calib3d/src/circlesgrid.cpp#Graph::Graph(size_t n)#467,595,10,1,10,1,10,8,4.0,8,4.0,8,8,1.0,8,1.0,8,8,153,8,153,8,8,3.0,8,3.0,8,8,1.0,8,1.0,8,10,0.0192307692307692,10,0.0192307692307692,10,10,3,10,3,10
rho.MUT721.cpp,"opencv_calib3d/modules/calib3d/src/rho.cpp#sacTRISolve8x8(const float (*)[8] L, const float * Jte, float * dH)#2616",595,72,1,72,1,72,53,2.0,53,2.0,53,53,1.0,53,1.0,53,53,156,53,156,53,53,1.0,53,1.0,53,53,1.0,53,1.0,53,72,0.0063694267515923,72,0.0063694267515923,72,72,1,72,1,72
homography_solver.MUT271.cpp,"opencv_calib3d/modules/calib3d/src/usac/homography_solver.cpp#AffineNonMinimalSolverImpl::estimate(const int & sample, int sample_size, int & models, const int & weights)#506",595,43,1,43,1,43,3,2.0,3,2.0,3,3,1.0,3,1.0,3,3,157,3,157,3,3,1.0,3,1.0,3,3,1.0,3,1.0,3,43,0.0063291139240506,43,0.0063291139240506,43,43,1,43,1,43
circlesgrid.MUT222.cpp,opencv_calib3d/modules/calib3d/src/circlesgrid.cpp#CirclesGridFinderParameters::CirclesGridFinderParameters()#580,595,11,1,11,1,11,11,3.0,11,3.0,11,11,1.0,11,1.0,11,11,151,11,151,11,11,2.0,11,2.0,11,11,1.0,11,1.0,11,11,0.0130718954248366,11,0.0130718954248366,11,11,2,11,2,11
fundam.MUT431.cpp,"opencv_calib3d/modules/calib3d/src/fundam.cpp#computeCorrespondEpilines(cv::InputArray _points, int whichImage, cv::InputArray _Fmat, cv::OutputArray _lines)#988",595,3,1,3,1,3,1,2.0,1,2.0,1,1,1.0,1,1.0,1,1,157,1,157,1,1,1.0,1,1.0,1,1,1.0,1,1.0,1,3,0.0063291139240506,3,0.0063291139240506,3,3,1,3,1,3
ippe.MUT121.cpp,"opencv_calib3d/modules/calib3d/src/ippe.cpp#PoseSolver::computeTranslation(cv::InputArray _objectPoints, cv::InputArray _normalizedImgPoints, cv::InputArray _R, cv::OutputArray _t)#346",595,63,1,63,1,63,14,6.0,14,6.0,14,14,1.0,14,1.0,14,14,153,14,153,14,14,5.0,14,5.0,14,14,1.0,14,1.0,14,63,0.0316455696202531,63,0.0316455696202531,63,63,5,63,5,63
solvepnp.MUT81.cpp,"opencv_calib3d/modules/calib3d/src/solvepnp.cpp#solvePnPRansac(cv::InputArray _opoints, cv::InputArray _ipoints, cv::InputArray _cameraMatrix, cv::InputArray _distCoeffs, cv::OutputArray _rvec, cv::OutputArray _tvec, _Bool useExtrinsicGuess, int iterationsCount, float reprojectionError, double confidence, cv::OutputArray _inliers, int flags)#296",595,6,1,6,1,6,2,7.0,2,7.0,2,2,1.0,2,1.0,2,2,152,2,152,2,2,6.0,2,6.0,2,2,1.0,2,1.0,2,6,0.0379746835443038,6,0.0379746835443038,6,6,6,6,6,6
fisheye.MUT174.cpp,"opencv_calib3d/modules/calib3d/src/fisheye.cpp#undistortPoints(cv::InputArray distorted, cv::OutputArray undistorted, cv::InputArray K, cv::InputArray D, cv::InputArray R, cv::InputArray P, class cv::TermCriteria criteria)#424",595,1,1,1,1,1,1,10.0,1,10.0,1,1,1.0,1,1.0,1,1,143,1,143,1,1,9.0,1,9.0,1,1,1.0,1,1.0,1,1,0.0592105263157894,1,0.0592105263157894,1,1,9,1,9,1
circlesgrid.MUT336.cpp,"opencv_calib3d/modules/calib3d/src/circlesgrid.cpp#CirclesGridFinder::findMCS(const int & basis, int & basisGraphs)#813",595,37,1,37,1,37,8,4.0,8,4.0,8,8,1.0,8,1.0,8,8,154,8,154,8,8,3.0,8,3.0,8,8,1.0,8,1.0,8,37,0.019108280254777,37,0.019108280254777,37,37,3,37,3,37
triangulate.MUT134.cpp,"opencv_calib3d/modules/calib3d/src/triangulate.cpp#icvCorrectMatches(CvMat * F_, CvMat * points1_, CvMat * points2_, CvMat * new_points1, CvMat * new_points2)#296",595,2,1,2,1,2,2,3.0,2,3.0,2,2,1.0,2,1.0,2,2,156,2,156,2,2,2.0,2,2.0,2,2,1.0,2,1.0,2,2,0.0126582278481012,2,0.0126582278481012,2,2,2,2,2,2
rho.MUT492.cpp,"opencv_calib3d/modules/calib3d/src/rho.cpp#hFuncRefC(float * packedPoints, float * H)#2004",595,62,1,62,1,62,46,3.0,46,3.0,46,46,1.0,46,1.0,46,46,156,46,156,46,46,2.0,46,2.0,46,46,1.0,46,1.0,46,62,0.0126582278481012,62,0.0126582278481012,62,62,2,62,2,62
circlesgrid.MUT434.cpp,"opencv_calib3d/modules/calib3d/src/circlesgrid.cpp#CirclesGridFinder::computeGraphConfidence(const int & basisGraphs, _Bool addRow, const int & points, const int & seeds)#1057",595,50,1,50,1,50,8,2.0,8,2.0,8,8,1.0,8,1.0,8,8,154,8,154,8,8,1.0,8,1.0,8,8,1.0,8,1.0,8,50,0.0064516129032258,50,0.0064516129032258,50,50,1,50,1,50
calibration_handeye.MUT99.cpp,"opencv_calib3d/modules/calib3d/src/calibration_handeye.cpp#qmult(const class cv::Mat & s, const class cv::Mat & t)#210",595,19,1,19,1,19,15,4.0,15,4.0,15,15,1.0,15,1.0,15,15,154,15,154,15,15,3.0,15,3.0,15,15,1.0,15,1.0,15,19,0.019108280254777,19,0.019108280254777,19,19,3,19,3,19
calibration.MUT936.cpp,"opencv_calib3d/modules/calib3d/src/calibration.cpp#cvCalibrateCamera2Internal(const CvMat * objectPoints, const CvMat * imagePoints, const CvMat * npoints, CvSize imageSize, int iFixedPoint, CvMat * cameraMatrix, CvMat * distCoeffs, CvMat * rvecs, CvMat * tvecs, CvMat * newObjPoints, CvMat * stdDevs, CvMat * perViewErrors, int flags, CvTermCriteria termCrit)#1853",595,19,1,19,1,19,3,5.0,3,5.0,3,3,1.0,3,1.0,3,3,154,3,154,3,3,4.0,3,4.0,3,3,1.0,3,1.0,3,19,0.0253164556962025,19,0.0253164556962025,19,19,4,19,4,19
fundam.MUT31.cpp,"opencv_calib3d/modules/calib3d/src/fundam.cpp#HomographyEstimatorCallback::runKernel(cv::InputArray _m1, cv::InputArray _m2, cv::OutputArray _model)#146",595,8,1,8,1,8,5,3.0,5,3.0,5,5,1.0,5,1.0,5,5,143,5,143,5,5,2.0,5,2.0,5,5,1.0,5,1.0,5,8,0.0137931034482758,8,0.0137931034482758,8,8,2,8,2,8
calibration.MUT2108.cpp,"opencv_calib3d/modules/calib3d/src/calibration.cpp#stereoRectify(cv::InputArray _cameraMatrix1, cv::InputArray _distCoeffs1, cv::InputArray _cameraMatrix2, cv::InputArray _distCoeffs2, cv::Size imageSize, cv::InputArray _Rmat, cv::InputArray _Tmat, cv::OutputArray _Rmat1, cv::OutputArray _Rmat2, cv::OutputArray _Pmat1, cv::OutputArray _Pmat2, cv::OutputArray _Qmat, int flags, double alpha, cv::Size newImageSize, cv::Rect * validPixROI1, cv::Rect * validPixROI2)#4216",595,6,1,6,1,6,3,5.0,3,5.0,3,3,1.0,3,1.0,3,3,154,3,154,3,3,4.0,3,4.0,3,3,1.0,3,1.0,3,6,0.0253164556962025,6,0.0253164556962025,6,6,4,6,4,6
pnp_solver.MUT47.cpp,"opencv_calib3d/modules/calib3d/src/usac/pnp_solver.cpp#PnPMinimalSolver6PtsImpl::estimate(const int & sample, int & models)#145",595,75,1,75,1,75,17,2.0,17,2.0,17,17,1.0,17,1.0,17,17,157,17,157,17,17,1.0,17,1.0,17,17,1.0,17,1.0,17,75,0.0063291139240506,75,0.0063291139240506,75,75,1,75,1,75
ippe.MUT346.cpp,"opencv_calib3d/modules/calib3d/src/ippe.cpp#PoseSolver::sortPosesByReprojError(cv::InputArray _objectPoints, cv::InputArray _imagePoints, cv::InputArray _Ma, cv::InputArray _Mb, cv::OutputArray _M1, cv::OutputArray _M2, float & err1, float & err2)#733",595,74,1,74,1,74,2,3.0,2,3.0,2,2,1.0,2,1.0,2,2,155,2,155,2,2,2.0,2,2.0,2,2,1.0,2,1.0,2,74,0.0127388535031847,74,0.0127388535031847,74,74,2,74,2,74
fundam.MUT438.cpp,"opencv_calib3d/modules/calib3d/src/fundam.cpp#computeCorrespondEpilines(cv::InputArray _points, int whichImage, cv::InputArray _Fmat, cv::OutputArray _lines)#999",595,3,1,3,1,3,1,2.0,1,2.0,1,1,1.0,1,1.0,1,1,156,1,156,1,1,1.0,1,1.0,1,1,1.0,1,1.0,1,3,0.0063694267515923,3,0.0063694267515923,3,3,1,3,1,3
calibration_handeye.MUT332.cpp,"opencv_calib3d/modules/calib3d/src/calibration_handeye.cpp#calibrateHandEyeDaniilidis(const int & Hg, const int & Hc, class cv::Mat & R_cam2gripper, class cv::Mat & t_cam2gripper)#673",595,19,1,19,1,19,15,4.0,15,4.0,15,15,1.0,15,1.0,15,15,154,15,154,15,15,3.0,15,3.0,15,15,1.0,15,1.0,15,19,0.019108280254777,19,0.019108280254777,19,19,3,19,3,19
rho.MUT38.cpp,"opencv_calib3d/modules/calib3d/src/rho.cpp#rhoHest(Ptr<cv::RHO_HEST> p, const float * src, const float * dst, char * inl, unsigned int N, float maxD, unsigned int maxI, unsigned int rConvg, double cfd, unsigned int minInl, double beta, unsigned int flags, const float * guessH, float * finalH)#533",595,63,1,63,1,63,44,2.0,44,2.0,44,44,1.0,44,1.0,44,44,156,44,156,44,44,1.0,44,1.0,44,44,1.0,44,1.0,44,63,0.0063694267515923,63,0.0063694267515923,63,63,1,63,1,63
fisheye.MUT377.cpp,"opencv_calib3d/modules/calib3d/src/fisheye.cpp#calibrate(cv::InputArrayOfArrays objectPoints, cv::InputArrayOfArrays imagePoints, const cv::Size & image_size, cv::InputOutputArray K, cv::InputOutputArray D, cv::OutputArrayOfArrays rvecs, cv::OutputArrayOfArrays tvecs, int flags, cv::TermCriteria criteria)#855",595,18,1,18,1,18,5,4.0,5,4.0,5,5,1.0,5,1.0,5,5,152,5,152,5,5,3.0,5,3.0,5,5,1.0,5,1.0,5,18,0.0193548387096774,18,0.0193548387096774,18,18,3,18,3,18
fundam.MUT267.cpp,"opencv_calib3d/modules/calib3d/src/fundam.cpp#run7Point(const class cv::Mat & _m1, const class cv::Mat & _m2, class cv::Mat & _fmatrix)#628",595,7,1,7,1,7,4,2.0,4,2.0,4,4,1.0,4,1.0,4,4,156,4,156,4,4,1.0,4,1.0,4,4,1.0,4,1.0,4,7,0.0063694267515923,7,0.0063694267515923,7,7,1,7,1,7
ippe.MUT258.cpp,"opencv_calib3d/modules/calib3d/src/ippe.cpp#PoseSolver::homographyFromSquarePoints(cv::InputArray _targetPoints, double halfLength, cv::OutputArray H_)#563",595,65,1,65,1,65,3,5.0,3,5.0,3,3,1.0,3,1.0,3,3,154,3,154,3,3,4.0,3,4.0,3,3,1.0,3,1.0,3,65,0.0253164556962025,65,0.0253164556962025,65,65,4,65,4,65
calibration.MUT1371.cpp,"opencv_calib3d/modules/calib3d/src/calibration.cpp#icvGetRectangles(const CvMat * cameraMatrix, const CvMat * distCoeffs, const CvMat * R, const CvMat * newCameraMatrix, CvSize imgSize, cv::Rect_<double> & inner, cv::Rect_<double> & outer)#2659",595,1,1,1,1,1,1,4.0,1,4.0,1,1,1.0,1,1.0,1,1,153,1,153,1,1,3.0,1,3.0,1,1,1.0,1,1.0,1,1,0.0192307692307692,1,0.0192307692307692,1,1,3,1,3,1
ptsetreg.MUT508.cpp,"opencv_calib3d/modules/calib3d/src/ptsetreg.cpp#estimateAffinePartial2D(cv::InputArray _from, cv::InputArray _to, cv::OutputArray _inliers, const int method, const double ransacReprojThreshold, const size_t maxIters, const double confidence, const size_t refineIters)#1168",595,14,1,14,1,14,3,5.0,3,5.0,3,3,1.0,3,1.0,3,3,153,3,153,3,3,4.0,3,4.0,3,3,1.0,3,1.0,3,14,0.0254777070063694,14,0.0254777070063694,14,14,4,14,4,14
local_optimization.MUT134.cpp,"opencv_calib3d/modules/calib3d/src/usac/local_optimization.cpp#InnerIterativeLocalOptimizationImpl::refineModel(const class cv::Mat & so_far_the_best_model, const class cv::usac::Score & best_model_score, class cv::Mat & new_model, class cv::usac::Score & new_model_score)#300",595,8,1,8,1,8,1,2.0,1,2.0,1,1,1.0,1,1.0,1,1,155,1,155,1,1,1.0,1,1.0,1,1,1.0,1,1.0,1,8,0.0064102564102564,8,0.0064102564102564,8,8,1,8,1,8
calibration.MUT1699.cpp,"opencv_calib3d/modules/calib3d/src/calibration.cpp#cvRQDecomp3x3(const CvMat * matrixM, CvMat * matrixR, CvMat * matrixQ, CvMat * matrixQx, CvMat * matrixQy, CvMat * matrixQz, CvPoint3D64f * eulerAngles)#3300",595,3,1,3,1,3,3,3.0,3,3.0,3,3,1.0,3,1.0,3,3,155,3,155,3,3,2.0,3,2.0,3,3,1.0,3,1.0,3,3,0.0127388535031847,3,0.0127388535031847,3,3,2,3,2,3
solvepnp.MUT259.cpp,"opencv_calib3d/modules/calib3d/src/solvepnp.cpp#exponentialMapToSE3Inv(const class cv::Mat & twist, class cv::Mat & R1, class cv::Mat & t1)#685",595,15,1,15,1,15,8,3.0,8,3.0,8,8,1.0,8,1.0,8,8,156,8,156,8,8,2.0,8,2.0,8,8,1.0,8,1.0,8,15,0.0126582278481012,15,0.0126582278481012,15,15,2,15,2,15
ptsetreg.MUT445.cpp,"opencv_calib3d/modules/calib3d/src/ptsetreg.cpp#estimateAffine2D(cv::InputArray _from, cv::InputArray _to, cv::OutputArray _inliers, const int method, const double ransacReprojThreshold, const size_t maxIters, const double confidence, const size_t refineIters)#1030",595,4,1,4,1,4,1,3.0,1,3.0,1,1,1.0,1,1.0,1,1,156,1,156,1,1,2.0,1,2.0,1,1,1.0,1,1.0,1,4,0.0126582278481012,4,0.0126582278481012,4,4,2,4,2,4
ippe.MUT454.cpp,"opencv_calib3d/modules/calib3d/src/ippe.cpp#normalizeDataIsotropic(cv::InputArray _Data, cv::OutputArray _DataN, cv::OutputArray _T, cv::OutputArray _Ti)#941",595,60,1,60,1,60,10,5.0,10,5.0,10,10,1.0,10,1.0,10,10,153,10,153,10,10,4.0,10,4.0,10,10,1.0,10,1.0,10,60,0.0254777070063694,60,0.0254777070063694,60,60,4,60,4,60
fundam.MUT444.cpp,"opencv_calib3d/modules/calib3d/src/fundam.cpp#computeCorrespondEpilines(cv::InputArray _points, int whichImage, cv::InputArray _Fmat, cv::OutputArray _lines)#1005",595,3,1,3,1,3,1,2.0,1,2.0,1,1,1.0,1,1.0,1,1,156,1,156,1,1,1.0,1,1.0,1,1,1.0,1,1.0,1,3,0.0063694267515923,3,0.0063694267515923,3,3,1,3,1,3
stereobm.MUT217.cpp,"opencv_calib3d/modules/calib3d/src/stereobm.cpp#findStereoCorrespondenceBM_SIMD(const class cv::Mat & left, const class cv::Mat & right, class cv::Mat & disp, class cv::Mat & cost, const struct cv::StereoBMParams & state, int _dy0, int _dy1, const class cv::BufferBM & bufX, size_t bufNum)#502",595,18,1,18,1,18,7,2.0,7,2.0,7,7,1.0,7,1.0,7,7,155,7,155,7,7,1.0,7,1.0,7,7,1.0,7,1.0,7,18,0.0064102564102564,18,0.0064102564102564,18,18,1,18,1,18
local_optimization.MUT114.cpp,"opencv_calib3d/modules/calib3d/src/usac/local_optimization.cpp#InnerIterativeLocalOptimizationImpl::refineModel(const class cv::Mat & so_far_the_best_model, const class cv::usac::Score & best_model_score, class cv::Mat & new_model, class cv::usac::Score & new_model_score)#262",595,6,1,6,1,6,3,5.0,3,5.0,3,3,1.0,3,1.0,3,3,149,3,149,3,3,4.0,3,4.0,3,3,1.0,3,1.0,3,6,0.0261437908496732,6,0.0261437908496732,6,6,4,6,4,6
stereobm.MUT407.cpp,"opencv_calib3d/modules/calib3d/src/stereobm.cpp#findStereoCorrespondenceBM(const class cv::Mat & left, const class cv::Mat & right, class cv::Mat & disp, class cv::Mat & cost, const struct cv::StereoBMParams & state, int _dy0, int _dy1, const class cv::BufferBM & bufX, size_t bufNum)#789",595,18,1,18,1,18,8,2.0,8,2.0,8,8,1.0,8,1.0,8,8,155,8,155,8,8,1.0,8,1.0,8,8,1.0,8,1.0,8,18,0.0064102564102564,18,0.0064102564102564,18,18,1,18,1,18
circlesgrid.MUT181.cpp,"opencv_calib3d/modules/calib3d/src/circlesgrid.cpp#CirclesGridClusterFinder::parsePatternPoints(const int & patternPoints, const int & rectifiedPatternPoints, int & centers)#450",595,16,1,16,1,16,8,2.0,8,2.0,8,8,1.0,8,1.0,8,8,156,8,156,8,8,1.0,8,1.0,8,8,1.0,8,1.0,8,16,0.0063694267515923,16,0.0063694267515923,16,16,1,16,1,16
fisheye.MUT259.cpp,"opencv_calib3d/modules/calib3d/src/fisheye.cpp#estimateNewCameraMatrixForUndistortRectify(cv::InputArray K, cv::InputArray D, const cv::Size & image_size, cv::InputArray R, cv::OutputArray P, double balance, const cv::Size & new_size, double fov_scale)#616",595,2,1,2,1,2,1,4.0,1,4.0,1,1,1.0,1,1.0,1,1,155,1,155,1,1,3.0,1,3.0,1,1,1.0,1,1.0,1,2,0.0189873417721519,2,0.0189873417721519,2,2,3,2,3,2
triangulate.MUT27.cpp,"opencv_calib3d/modules/calib3d/src/triangulate.cpp#icvTriangulatePoints(CvMat * projMatr1, CvMat * projMatr2, CvMat * projPoints1, CvMat * projPoints2, CvMat * points4D)#105",595,4,1,4,1,4,2,3.0,2,3.0,2,2,1.0,2,1.0,2,2,155,2,155,2,2,2.0,2,2.0,2,2,1.0,2,1.0,2,4,0.0127388535031847,4,0.0127388535031847,4,4,2,4,2,4
ptsetreg.MUT292.cpp,"opencv_calib3d/modules/calib3d/src/ptsetreg.cpp#Affine2DEstimatorCallback::computeError(cv::InputArray _m1, cv::InputArray _m2, cv::InputArray _model, cv::OutputArray _err)#690",595,9,1,9,1,9,2,7.0,2,7.0,2,2,1.0,2,1.0,2,2,150,2,150,2,2,6.0,2,6.0,2,2,1.0,2,1.0,2,9,0.0384615384615384,9,0.0384615384615384,9,9,6,9,6,9
fisheye.MUT41.cpp,"opencv_calib3d/modules/calib3d/src/fisheye.cpp#projectPoints(cv::InputArray objectPoints, cv::OutputArray imagePoints, cv::InputArray _rvec, cv::InputArray _tvec, cv::InputArray _K, cv::InputArray _D, double alpha, cv::OutputArray jacobian)#149",595,3,1,3,1,3,1,10.0,1,10.0,1,1,1.0,1,1.0,1,1,148,1,148,1,1,9.0,1,9.0,1,1,1.0,1,1.0,1,3,0.0573248407643312,3,0.0573248407643312,3,3,9,3,9,3
rho.MUT573.cpp,"opencv_calib3d/modules/calib3d/src/rho.cpp#sacCalcJacobianErrors(const float * H, const float * src, const float * dst, const char * inl, unsigned int N, float (*)[8] JtJ, float * Jte, float * Sp)#2244",595,72,1,72,1,72,53,2.0,53,2.0,53,53,1.0,53,1.0,53,53,156,53,156,53,53,1.0,53,1.0,53,53,1.0,53,1.0,53,72,0.0063694267515923,72,0.0063694267515923,72,72,1,72,1,72
calibration_handeye.MUT341.cpp,"opencv_calib3d/modules/calib3d/src/calibration_handeye.cpp#calibrateHandEyeDaniilidis(const int & Hg, const int & Hc, class cv::Mat & R_cam2gripper, class cv::Mat & t_cam2gripper)#691",595,19,1,19,1,19,15,4.0,15,4.0,15,15,1.0,15,1.0,15,15,154,15,154,15,15,3.0,15,3.0,15,15,1.0,15,1.0,15,19,0.019108280254777,19,0.019108280254777,19,19,3,19,3,19
calibration.MUT227.cpp,"opencv_calib3d/modules/calib3d/src/calibration.cpp#cvProjectPoints2Internal(const CvMat * objectPoints, const CvMat * r_vec, const CvMat * t_vec, const CvMat * A, const CvMat * distCoeffs, CvMat * imagePoints, CvMat * dpdr, CvMat * dpdt, CvMat * dpdf, CvMat * dpdc, CvMat * dpdk, CvMat * dpdo, double aspectRatio)#609",595,2,1,2,1,2,1,43.0,1,43.0,1,1,1.0,1,1.0,1,1,115,1,115,1,1,42.0,1,42.0,1,1,1.0,1,1.0,1,2,0.267515923566879,2,0.267515923566879,2,2,42,2,42,2
stereobm.MUT551.cpp,opencv_calib3d/modules/calib3d/src/stereobm.cpp#FindStereoCorrespInvoker::operator()(const class cv::Range & range)#1100,595,12,1,12,1,12,12,6.0,12,6.0,12,12,1.0,12,1.0,12,12,153,12,153,12,12,5.0,12,5.0,12,12,1.0,12,1.0,12,12,0.0316455696202531,12,0.0316455696202531,12,12,5,12,5,12
calibration.MUT1990.cpp,"opencv_calib3d/modules/calib3d/src/calibration.cpp#calibrateCameraRO(cv::InputArrayOfArrays _objectPoints, cv::InputArrayOfArrays _imagePoints, cv::Size imageSize, int iFixedPoint, cv::InputOutputArray _cameraMatrix, cv::InputOutputArray _distCoeffs, cv::OutputArrayOfArrays _rvecs, cv::OutputArrayOfArrays _tvecs, cv::OutputArray newObjPoints, cv::OutputArray stdDeviationsIntrinsics, cv::OutputArray stdDeviationsExtrinsics, cv::OutputArray stdDeviationsObjPoints, cv::OutputArray _perViewErrors, int flags, class cv::TermCriteria criteria)#3967",595,20,1,20,1,20,2,3.0,2,3.0,2,2,1.0,2,1.0,2,2,155,2,155,2,2,2.0,2,2.0,2,2,1.0,2,1.0,2,20,0.0127388535031847,20,0.0127388535031847,20,20,2,20,2,20
triangulate.MUT91.cpp,"opencv_calib3d/modules/calib3d/src/triangulate.cpp#icvCorrectMatches(CvMat * F_, CvMat * points1_, CvMat * points2_, CvMat * new_points1, CvMat * new_points2)#243",595,77,1,77,1,77,12,2.0,12,2.0,12,12,1.0,12,1.0,12,12,156,12,156,12,12,1.0,12,1.0,12,12,1.0,12,1.0,12,77,0.0063694267515923,77,0.0063694267515923,77,77,1,77,1,77
stereobm.MUT545.cpp,opencv_calib3d/modules/calib3d/src/stereobm.cpp#FindStereoCorrespInvoker::operator()(const class cv::Range & range)#1089,595,18,1,18,1,18,18,2.0,18,2.0,18,18,1.0,18,1.0,18,18,153,18,153,18,18,1.0,18,1.0,18,18,1.0,18,1.0,18,18,0.0064935064935064,18,0.0064935064935064,18,18,1,18,1,18
fisheye.MUT239.cpp,"opencv_calib3d/modules/calib3d/src/fisheye.cpp#initUndistortRectifyMap(cv::InputArray K, cv::InputArray D, cv::InputArray R, cv::InputArray P, const cv::Size & size, int m1type, cv::OutputArray map1, cv::OutputArray map2)#562",595,4,1,4,1,4,2,2.0,2,2.0,2,2,1.0,2,1.0,2,2,157,2,157,2,2,1.0,2,1.0,2,2,1.0,2,1.0,2,4,0.0063291139240506,4,0.0063291139240506,4,4,1,4,1,4
calibration.MUT1614.cpp,"opencv_calib3d/modules/calib3d/src/calibration.cpp#cvStereoRectifyUncalibrated(const CvMat * _points1, const CvMat * _points2, const CvMat * F0, CvSize imgSize, CvMat * _H1, CvMat * _H2, double threshold)#3105",595,77,1,77,1,77,11,2.0,11,2.0,11,11,1.0,11,1.0,11,11,157,11,157,11,11,1.0,11,1.0,11,11,1.0,11,1.0,11,77,0.0063291139240506,77,0.0063291139240506,77,77,1,77,1,77
calibration.MUT2111.cpp,"opencv_calib3d/modules/calib3d/src/calibration.cpp#stereoRectify(cv::InputArray _cameraMatrix1, cv::InputArray _distCoeffs1, cv::InputArray _cameraMatrix2, cv::InputArray _distCoeffs2, cv::Size imageSize, cv::InputArray _Rmat, cv::InputArray _Tmat, cv::OutputArray _Rmat1, cv::OutputArray _Rmat2, cv::OutputArray _Pmat1, cv::OutputArray _Pmat2, cv::OutputArray _Qmat, int flags, double alpha, cv::Size newImageSize, cv::Rect * validPixROI1, cv::Rect * validPixROI2)#4221",595,3,1,3,1,3,2,5.0,2,5.0,2,2,1.0,2,1.0,2,2,154,2,154,2,2,4.0,2,4.0,2,2,1.0,2,1.0,2,3,0.0253164556962025,3,0.0253164556962025,3,3,4,3,4,3
fisheye.MUT618.cpp,"opencv_calib3d/modules/calib3d/src/fisheye.cpp#ComputeExtrinsicRefine(const class cv::Mat & imagePoints, const class cv::Mat & objectPoints, class cv::Mat & rvec, class cv::Mat & tvec, class cv::Mat & J, const int MaxIter, const struct cv::internal::IntrinsicParams & param, const double thresh_cond)#1304",595,12,1,12,1,12,4,7.0,4,7.0,4,4,1.0,4,1.0,4,4,151,4,151,4,4,6.0,4,6.0,4,4,1.0,4,1.0,4,12,0.0382165605095541,12,0.0382165605095541,12,12,6,12,6,12
stereobm.MUT520.cpp,"opencv_calib3d/modules/calib3d/src/stereobm.cpp#findStereoCorrespondenceBM(const class cv::Mat & left, const class cv::Mat & right, class cv::Mat & disp, class cv::Mat & cost, const struct cv::StereoBMParams & state, int _dy0, int _dy1, const class cv::BufferBM & bufX, size_t bufNum)#951",595,18,1,18,1,18,8,2.0,8,2.0,8,8,1.0,8,1.0,8,8,155,8,155,8,8,1.0,8,1.0,8,8,1.0,8,1.0,8,18,0.0064102564102564,18,0.0064102564102564,18,18,1,18,1,18
fisheye.MUT34.cpp,"opencv_calib3d/modules/calib3d/src/fisheye.cpp#projectPoints(cv::InputArray objectPoints, cv::OutputArray imagePoints, cv::InputArray _rvec, cv::InputArray _tvec, cv::InputArray _K, cv::InputArray _D, double alpha, cv::OutputArray jacobian)#138",595,3,1,3,1,3,1,10.0,1,10.0,1,1,1.0,1,1.0,1,1,148,1,148,1,1,9.0,1,9.0,1,1,1.0,1,1.0,1,3,0.0573248407643312,3,0.0573248407643312,3,3,9,3,9,3
calibration.MUT1062.cpp,"opencv_calib3d/modules/calib3d/src/calibration.cpp#cvStereoCalibrateImpl(const CvMat * _objectPoints, const CvMat * _imagePoints1, const CvMat * _imagePoints2, const CvMat * _npoints, CvMat * _cameraMatrix1, CvMat * _distCoeffs1, CvMat * _cameraMatrix2, CvMat * _distCoeffs2, CvSize imageSize, CvMat * matR, CvMat * matT, CvMat * matE, CvMat * matF, CvMat * rvecs, CvMat * tvecs, CvMat * perViewErr, int flags, CvTermCriteria termCrit)#2131",595,28,1,28,1,28,3,2.0,3,2.0,3,3,1.0,3,1.0,3,3,157,3,157,3,3,1.0,3,1.0,3,3,1.0,3,1.0,3,28,0.0063291139240506,28,0.0063291139240506,28,28,1,28,1,28
fisheye.MUT47.cpp,"opencv_calib3d/modules/calib3d/src/fisheye.cpp#projectPoints(cv::InputArray objectPoints, cv::OutputArray imagePoints, cv::InputArray _rvec, cv::InputArray _tvec, cv::InputArray _K, cv::InputArray _D, double alpha, cv::OutputArray jacobian)#161",595,3,1,3,1,3,1,8.0,1,8.0,1,1,1.0,1,1.0,1,1,150,1,150,1,1,7.0,1,7.0,1,1,1.0,1,1.0,1,3,0.0445859872611464,3,0.0445859872611464,3,3,7,3,7,3
rho.MUT660.cpp,"opencv_calib3d/modules/calib3d/src/rho.cpp#sacTRInv8x8(const float (*)[8] L, float (*)[8] M)#2495",595,72,1,72,1,72,53,2.0,53,2.0,53,53,1.0,53,1.0,53,53,156,53,156,53,53,1.0,53,1.0,53,53,1.0,53,1.0,53,72,0.0063694267515923,72,0.0063694267515923,72,72,1,72,1,72
fundam.MUT48.cpp,"opencv_calib3d/modules/calib3d/src/fundam.cpp#HomographyEstimatorCallback::runKernel(cv::InputArray _m1, cv::InputArray _m2, cv::OutputArray _model)#167",595,3,1,3,1,3,2,18.0,2,18.0,2,2,1.0,2,1.0,2,2,141,2,141,2,2,17.0,2,17.0,2,2,1.0,2,1.0,2,3,0.1075949367088607,3,0.1075949367088607,3,3,17,3,17,3
calibinit.MUT658.cpp,opencv_calib3d/modules/calib3d/src/calibinit.cpp#ChessBoardDetector::findQuadNeighbors()#1666,595,16,1,16,1,16,16,5.0,16,5.0,16,16,1.0,16,1.0,16,16,153,16,153,16,16,4.0,16,4.0,16,16,1.0,16,1.0,16,16,0.0254777070063694,16,0.0254777070063694,16,16,4,16,4,16
rho.MUT420.cpp,"opencv_calib3d/modules/calib3d/src/rho.cpp#hFuncRefC(float * packedPoints, float * H)#1817",595,54,1,54,1,54,38,3.0,38,3.0,38,38,1.0,38,1.0,38,38,156,38,156,38,38,2.0,38,2.0,38,38,1.0,38,1.0,38,54,0.0126582278481012,54,0.0126582278481012,54,54,2,54,2,54
quadsubpix.MUT82.cpp,"opencv_calib3d/modules/calib3d/src/quadsubpix.cpp#find4QuadCornerSubpix(cv::InputArray _img, cv::InputOutputArray _corners, cv::Size region_size)#229",595,37,1,37,1,37,6,2.0,6,2.0,6,6,1.0,6,1.0,6,6,157,6,157,6,6,1.0,6,1.0,6,6,1.0,6,1.0,6,37,0.0063291139240506,37,0.0063291139240506,37,37,1,37,1,37
fisheye.MUT183.cpp,"opencv_calib3d/modules/calib3d/src/fisheye.cpp#undistortPoints(cv::InputArray distorted, cv::OutputArray undistorted, cv::InputArray K, cv::InputArray D, cv::InputArray R, cv::InputArray P, class cv::TermCriteria criteria)#447",595,1,1,1,1,1,1,13.0,1,13.0,1,1,1.0,1,1.0,1,1,144,1,144,1,1,12.0,1,12.0,1,1,1.0,1,1.0,1,1,0.0769230769230769,1,0.0769230769230769,1,1,12,1,12,1
calibinit.MUT618.cpp,"opencv_calib3d/modules/calib3d/src/calibinit.cpp#ChessBoardDetector::checkQuadGroup(const int & quad_group, int & out_corners)#1593",595,20,1,20,1,20,2,5.0,2,5.0,2,2,1.0,2,1.0,2,2,154,2,154,2,2,4.0,2,4.0,2,2,1.0,2,1.0,2,20,0.0253164556962025,20,0.0253164556962025,20,20,4,20,4,20
solvepnp.MUT238.cpp,"opencv_calib3d/modules/calib3d/src/solvepnp.cpp#computeInteractionMatrixAndResiduals(const class cv::Mat & objectPoints, const class cv::Mat & R, const class cv::Mat & tvec, class cv::Mat & L, class cv::Mat & s)#625",595,15,1,15,1,15,8,3.0,8,3.0,8,8,1.0,8,1.0,8,8,156,8,156,8,8,2.0,8,2.0,8,8,1.0,8,1.0,8,15,0.0126582278481012,15,0.0126582278481012,15,15,2,15,2,15
fisheye.MUT703.cpp,"opencv_calib3d/modules/calib3d/src/fisheye.cpp#InitExtrinsics(const class cv::Mat & _imagePoints, const class cv::Mat & _objectPoints, const struct cv::internal::IntrinsicParams & param, class cv::Mat & omckk, class cv::Mat & Tckk)#1449",595,12,1,12,1,12,4,7.0,4,7.0,4,4,1.0,4,1.0,4,4,151,4,151,4,4,6.0,4,6.0,4,4,1.0,4,1.0,4,12,0.0382165605095541,12,0.0382165605095541,12,12,6,12,6,12
rho.MUT583.cpp,"opencv_calib3d/modules/calib3d/src/rho.cpp#sacCalcJacobianErrors(const float * H, const float * src, const float * dst, const char * inl, unsigned int N, float (*)[8] JtJ, float * Jte, float * Sp)#2268",595,72,1,72,1,72,53,2.0,53,2.0,53,53,1.0,53,1.0,53,53,156,53,156,53,53,1.0,53,1.0,53,53,1.0,53,1.0,53,72,0.0063694267515923,72,0.0063694267515923,72,72,1,72,1,72
fisheye.MUT267.cpp,"opencv_calib3d/modules/calib3d/src/fisheye.cpp#estimateNewCameraMatrixForUndistortRectify(cv::InputArray K, cv::InputArray D, const cv::Size & image_size, cv::InputArray R, cv::OutputArray P, double balance, const cv::Size & new_size, double fov_scale)#628",595,2,1,2,1,2,1,4.0,1,4.0,1,1,1.0,1,1.0,1,1,155,1,155,1,1,3.0,1,3.0,1,1,1.0,1,1.0,1,2,0.0189873417721519,2,0.0189873417721519,2,2,3,2,3,2
calibration_handeye.MUT56.cpp,opencv_calib3d/modules/calib3d/src/calibration_handeye.cpp#rot2quat(const class cv::Mat & R)#124,595,19,1,19,1,19,4,2.0,4,2.0,4,4,1.0,4,1.0,4,4,157,4,157,4,4,1.0,4,1.0,4,4,1.0,4,1.0,4,19,0.0063291139240506,19,0.0063291139240506,19,19,1,19,1,19
calibration.MUT1420.cpp,"opencv_calib3d/modules/calib3d/src/calibration.cpp#cvStereoRectify(const CvMat * _cameraMatrix1, const CvMat * _cameraMatrix2, const CvMat * _distCoeffs1, const CvMat * _distCoeffs2, CvSize imageSize, const CvMat * matR, const CvMat * matT, CvMat * _R1, CvMat * _R2, CvMat * _P1, CvMat * _P2, CvMat * matQ, int flags, double alpha, CvSize newImgSize, CvRect * roi1, CvRect * roi2)#2752",595,7,1,7,1,7,3,2.0,3,2.0,3,3,1.0,3,1.0,3,3,154,3,154,3,3,1.0,3,1.0,3,3,1.0,3,1.0,3,7,0.0064516129032258,7,0.0064516129032258,7,7,1,7,1,7
fisheye.MUT477.cpp,"opencv_calib3d/modules/calib3d/src/fisheye.cpp#stereoCalibrate(cv::InputArrayOfArrays objectPoints, cv::InputArrayOfArrays imagePoints1, cv::InputArrayOfArrays imagePoints2, cv::InputOutputArray K1, cv::InputOutputArray D1, cv::InputOutputArray K2, cv::InputOutputArray D2, cv::Size imageSize, cv::OutputArray R, cv::OutputArray T, cv::OutputArrayOfArrays rvecs, cv::OutputArrayOfArrays tvecs, int flags, class cv::TermCriteria criteria)#1036",595,24,1,24,1,24,6,3.0,6,3.0,6,6,1.0,6,1.0,6,6,155,6,155,6,6,2.0,6,2.0,6,6,1.0,6,1.0,6,24,0.0127388535031847,24,0.0127388535031847,24,24,2,24,2,24
calibration_handeye.MUT439.cpp,"opencv_calib3d/modules/calib3d/src/calibration_handeye.cpp#calibrateRobotWorldHandEyeLi(const int & cRw, const int & ctw, const int & gRb, const int & gtb, cv::Matx33d & wRb, cv::Matx31d & wtb, cv::Matx33d & cRg, cv::Matx31d & ctg)#901",595,7,1,7,1,7,3,2.0,3,2.0,3,3,1.0,3,1.0,3,3,157,3,157,3,3,1.0,3,1.0,3,3,1.0,3,1.0,3,7,0.0063291139240506,7,0.0063291139240506,7,7,1,7,1,7
rho.MUT618.cpp,"opencv_calib3d/modules/calib3d/src/rho.cpp#sacChol8x8Damped(const float (*)[8] A, float lambda, float (*)[8] L)#2358",595,72,1,72,1,72,53,2.0,53,2.0,53,53,1.0,53,1.0,53,53,156,53,156,53,53,1.0,53,1.0,53,53,1.0,53,1.0,53,72,0.0063694267515923,72,0.0063694267515923,72,72,1,72,1,72
calibinit.MUT246.cpp,opencv_calib3d/modules/calib3d/src/calibinit.cpp#ChessBoardDetector::orderFoundConnectedQuads(int & quads)#780,595,16,1,16,1,16,16,5.0,16,5.0,16,16,1.0,16,1.0,16,16,153,16,153,16,16,4.0,16,4.0,16,16,1.0,16,1.0,16,16,0.0254777070063694,16,0.0254777070063694,16,16,4,16,4,16
calibration.MUT1363.cpp,"opencv_calib3d/modules/calib3d/src/calibration.cpp#icvGetRectangles(const CvMat * cameraMatrix, const CvMat * distCoeffs, const CvMat * R, const CvMat * newCameraMatrix, CvSize imgSize, cv::Rect_<double> & inner, cv::Rect_<double> & outer)#2650",595,1,1,1,1,1,1,5.0,1,5.0,1,1,1.0,1,1.0,1,1,153,1,153,1,1,4.0,1,4.0,1,1,1.0,1,1.0,1,1,0.0254777070063694,1,0.0254777070063694,1,1,4,1,4,1
ippe.MUT373.cpp,"opencv_calib3d/modules/calib3d/src/ippe.cpp#PoseSolver::rotateVec2ZAxis(const cv::Matx31d & a, cv::Matx33d & Ra)#776",595,55,1,55,1,55,6,6.0,6,6.0,6,6,1.0,6,1.0,6,6,153,6,153,6,6,5.0,6,5.0,6,6,1.0,6,1.0,6,55,0.0316455696202531,55,0.0316455696202531,55,55,5,55,5,55
fisheye.MUT158.cpp,"opencv_calib3d/modules/calib3d/src/fisheye.cpp#undistortPoints(cv::InputArray distorted, cv::OutputArray undistorted, cv::InputArray K, cv::InputArray D, cv::InputArray R, cv::InputArray P, class cv::TermCriteria criteria)#390",595,1,1,1,1,1,1,14.0,1,14.0,1,1,1.0,1,1.0,1,1,143,1,143,1,1,13.0,1,13.0,1,1,1.0,1,1.0,1,1,0.0833333333333333,1,0.0833333333333333,1,1,13,1,13,1
ippe.MUT547.cpp,"opencv_calib3d/modules/calib3d/src/ippe.cpp#homographyHO(cv::InputArray _srcPoints, cv::InputArray _targPoints, cv::Matx33d & H)#1091",595,63,1,63,1,63,14,5.0,14,5.0,14,14,1.0,14,1.0,14,14,153,14,153,14,14,4.0,14,4.0,14,14,1.0,14,1.0,14,63,0.0254777070063694,63,0.0254777070063694,63,63,4,63,4,63
stereobm.MUT270.cpp,"opencv_calib3d/modules/calib3d/src/stereobm.cpp#findStereoCorrespondenceBM_SIMD(const class cv::Mat & left, const class cv::Mat & right, class cv::Mat & disp, class cv::Mat & cost, const struct cv::StereoBMParams & state, int _dy0, int _dy1, const class cv::BufferBM & bufX, size_t bufNum)#575",595,18,1,18,1,18,7,2.0,7,2.0,7,7,1.0,7,1.0,7,7,155,7,155,7,7,1.0,7,1.0,7,7,1.0,7,1.0,7,18,0.0064102564102564,18,0.0064102564102564,18,18,1,18,1,18
calibration.MUT693.cpp,"opencv_calib3d/modules/calib3d/src/calibration.cpp#cvInitIntrinsicParams2D(const CvMat * objectPoints, const CvMat * imagePoints, const CvMat * npoints, CvSize imageSize, CvMat * cameraMatrix, double aspectRatio)#1424",595,19,1,19,1,19,2,4.0,2,4.0,2,2,1.0,2,1.0,2,2,154,2,154,2,2,3.0,2,3.0,2,2,1.0,2,1.0,2,19,0.019108280254777,19,0.019108280254777,19,19,3,19,3,19
ippe.MUT515.cpp,"opencv_calib3d/modules/calib3d/src/ippe.cpp#homographyHO(cv::InputArray _srcPoints, cv::InputArray _targPoints, cv::Matx33d & H)#1042",595,63,1,63,1,63,14,6.0,14,6.0,14,14,1.0,14,1.0,14,14,153,14,153,14,14,5.0,14,5.0,14,14,1.0,14,1.0,14,63,0.0316455696202531,63,0.0316455696202531,63,63,5,63,5,63
triangulate.MUT139.cpp,"opencv_calib3d/modules/calib3d/src/triangulate.cpp#icvCorrectMatches(CvMat * F_, CvMat * points1_, CvMat * points2_, CvMat * new_points1, CvMat * new_points2)#303",595,77,1,77,1,77,12,2.0,12,2.0,12,12,1.0,12,1.0,12,12,156,12,156,12,12,1.0,12,1.0,12,12,1.0,12,1.0,12,77,0.0063694267515923,77,0.0063694267515923,77,77,1,77,1,77
calibration.MUT1146.cpp,"opencv_calib3d/modules/calib3d/src/calibration.cpp#cvStereoCalibrateImpl(const CvMat * _objectPoints, const CvMat * _imagePoints1, const CvMat * _imagePoints2, const CvMat * _npoints, CvMat * _cameraMatrix1, CvMat * _distCoeffs1, CvMat * _cameraMatrix2, CvMat * _distCoeffs2, CvSize imageSize, CvMat * matR, CvMat * matT, CvMat * matE, CvMat * matF, CvMat * rvecs, CvMat * tvecs, CvMat * perViewErr, int flags, CvTermCriteria termCrit)#2283",595,43,1,43,1,43,6,3.0,6,3.0,6,6,1.0,6,1.0,6,6,156,6,156,6,6,2.0,6,2.0,6,6,1.0,6,1.0,6,43,0.0126582278481012,43,0.0126582278481012,43,43,2,43,2,43
rho.MUT605.cpp,"opencv_calib3d/modules/calib3d/src/rho.cpp#sacLMGain(const float * dH, const float * Jte, const float S, const float newS, const float lambda)#2315",595,72,1,72,1,72,53,2.0,53,2.0,53,53,1.0,53,1.0,53,53,156,53,156,53,53,1.0,53,1.0,53,53,1.0,53,1.0,53,72,0.0063694267515923,72,0.0063694267515923,72,72,1,72,1,72
epnp.MUT279.cpp,"opencv_calib3d/modules/calib3d/src/epnp.cpp#epnp::compute_A_and_b_gauss_newton(const double * l_6x10, const double * rho, const double * betas, CvMat * A, CvMat * b)#502",595,28,1,28,1,28,23,6.0,23,6.0,23,23,1.0,23,1.0,23,23,145,23,145,23,23,5.0,23,5.0,23,23,1.0,23,1.0,23,28,0.0333333333333333,28,0.0333333333333333,28,28,5,28,5,28
calibinit.MUT14.cpp,opencv_calib3d/modules/calib3d/src/calibinit.cpp#ChessBoardCorner::sumDist(int & n_)#144,595,22,1,22,1,22,22,2.0,22,2.0,22,22,1.0,22,1.0,22,22,152,22,152,22,22,1.0,22,1.0,22,22,1.0,22,1.0,22,22,0.0065359477124183,22,0.0065359477124183,22,22,1,22,1,22
pnp_solver.MUT109.cpp,"opencv_calib3d/modules/calib3d/src/usac/pnp_solver.cpp#PnPNonMinimalSolverImpl::estimate(const int & sample, int sample_size, int & models, const int & weights)#246",595,74,1,74,1,74,14,2.0,14,2.0,14,14,1.0,14,1.0,14,14,157,14,157,14,14,1.0,14,1.0,14,14,1.0,14,1.0,14,74,0.0063291139240506,74,0.0063291139240506,74,74,1,74,1,74
fisheye.MUT825.cpp,"opencv_calib3d/modules/calib3d/src/fisheye.cpp#JRodriguesMatlab(const class cv::Mat & src, class cv::Mat & dst)#1684",595,19,1,19,1,19,6,4.0,6,4.0,6,6,1.0,6,1.0,6,6,155,6,155,6,6,3.0,6,3.0,6,6,1.0,6,1.0,6,19,0.0189873417721519,19,0.0189873417721519,19,19,3,19,3,19
stereobm.MUT154.cpp,"opencv_calib3d/modules/calib3d/src/stereobm.cpp#findStereoCorrespondenceBM_SIMD(const class cv::Mat & left, const class cv::Mat & right, class cv::Mat & disp, class cv::Mat & cost, const struct cv::StereoBMParams & state, int _dy0, int _dy1, const class cv::BufferBM & bufX, size_t bufNum)#421",595,18,1,18,1,18,7,2.0,7,2.0,7,7,1.0,7,1.0,7,7,155,7,155,7,7,1.0,7,1.0,7,7,1.0,7,1.0,7,18,0.0064102564102564,18,0.0064102564102564,18,18,1,18,1,18
calibinit.MUT661.cpp,opencv_calib3d/modules/calib3d/src/calibinit.cpp#ChessBoardDetector::findQuadNeighbors()#1670,595,15,1,15,1,15,15,5.0,15,5.0,15,15,1.0,15,1.0,15,15,152,15,152,15,15,4.0,15,4.0,15,15,1.0,15,1.0,15,15,0.0256410256410256,15,0.0256410256410256,15,15,4,15,4,15
stereobm.MUT168.cpp,"opencv_calib3d/modules/calib3d/src/stereobm.cpp#findStereoCorrespondenceBM_SIMD(const class cv::Mat & left, const class cv::Mat & right, class cv::Mat & disp, class cv::Mat & cost, const struct cv::StereoBMParams & state, int _dy0, int _dy1, const class cv::BufferBM & bufX, size_t bufNum)#441",595,14,1,14,1,14,5,2.0,5,2.0,5,5,1.0,5,1.0,5,5,155,5,155,5,5,1.0,5,1.0,5,5,1.0,5,1.0,5,14,0.0064102564102564,14,0.0064102564102564,14,14,1,14,1,14
calibration.MUT359.cpp,"opencv_calib3d/modules/calib3d/src/calibration.cpp#cvProjectPoints2Internal(const CvMat * objectPoints, const CvMat * r_vec, const CvMat * t_vec, const CvMat * A, const CvMat * distCoeffs, CvMat * imagePoints, CvMat * dpdr, CvMat * dpdt, CvMat * dpdf, CvMat * dpdc, CvMat * dpdk, CvMat * dpdo, double aspectRatio)#875",595,22,1,22,1,22,4,2.0,4,2.0,4,4,1.0,4,1.0,4,4,157,4,157,4,4,1.0,4,1.0,4,4,1.0,4,1.0,4,22,0.0063291139240506,22,0.0063291139240506,22,22,1,22,1,22
fisheye.MUT157.cpp,"opencv_calib3d/modules/calib3d/src/fisheye.cpp#undistortPoints(cv::InputArray distorted, cv::OutputArray undistorted, cv::InputArray K, cv::InputArray D, cv::InputArray R, cv::InputArray P, class cv::TermCriteria criteria)#389",595,1,1,1,1,1,1,15.0,1,15.0,1,1,1.0,1,1.0,1,1,143,1,143,1,1,14.0,1,14.0,1,1,1.0,1,1.0,1,1,0.0891719745222929,1,0.0891719745222929,1,1,14,1,14,1
solvepnp.MUT162.cpp,"opencv_calib3d/modules/calib3d/src/solvepnp.cpp#solveP3P(cv::InputArray _opoints, cv::InputArray _ipoints, cv::InputArray _cameraMatrix, cv::InputArray _distCoeffs, cv::OutputArrayOfArrays _rvecs, cv::OutputArrayOfArrays _tvecs, int flags)#465",595,1,1,1,1,1,1,11.0,1,11.0,1,1,1.0,1,1.0,1,1,148,1,148,1,1,10.0,1,10.0,1,1,1.0,1,1.0,1,1,0.0632911392405063,1,0.0632911392405063,1,1,10,1,10,1
fisheye.MUT6.cpp,"opencv_calib3d/modules/calib3d/src/fisheye.cpp#projectPoints(cv::InputArray objectPoints, cv::OutputArray imagePoints, cv::InputArray _rvec, cv::InputArray _tvec, cv::InputArray _K, cv::InputArray _D, double alpha, cv::OutputArray jacobian)#91",595,3,1,3,1,3,1,8.0,1,8.0,1,1,1.0,1,1.0,1,1,148,1,148,1,1,7.0,1,7.0,1,1,1.0,1,1.0,1,3,0.0451612903225806,3,0.0451612903225806,3,3,7,3,7,3
ippe.MUT525.cpp,"opencv_calib3d/modules/calib3d/src/ippe.cpp#homographyHO(cv::InputArray _srcPoints, cv::InputArray _targPoints, cv::Matx33d & H)#1057",595,63,1,63,1,63,14,5.0,14,5.0,14,14,1.0,14,1.0,14,14,153,14,153,14,14,4.0,14,4.0,14,14,1.0,14,1.0,14,63,0.0254777070063694,63,0.0254777070063694,63,63,4,63,4,63
calibration.MUT1848.cpp,"opencv_calib3d/modules/calib3d/src/calibration.cpp#Rodrigues(cv::InputArray _src, cv::OutputArray _dst, cv::OutputArray _jacobian)#3647",595,1,1,1,1,1,1,49.0,1,49.0,1,1,1.0,1,1.0,1,1,109,1,109,1,1,48.0,1,48.0,1,1,1.0,1,1.0,1,1,0.3057324840764331,1,0.3057324840764331,1,1,48,1,48,1
calibinit.MUT57.cpp,opencv_calib3d/modules/calib3d/src/calibinit.cpp#icvBinarizationHistogramBased(class cv::Mat & img)#335,595,37,1,37,1,37,22,2.0,22,2.0,22,22,1.0,22,1.0,22,22,152,22,152,22,22,1.0,22,1.0,22,22,1.0,22,1.0,22,37,0.0065359477124183,37,0.0065359477124183,37,37,1,37,1,37
rho.MUT238.cpp,opencv_calib3d/modules/calib3d/src/rho.cpp#RHO_HEST_REFC::isSampleDegenerate()#1252,595,51,1,51,1,51,35,3.0,35,3.0,35,35,1.0,35,1.0,35,35,156,35,156,35,35,2.0,35,2.0,35,35,1.0,35,1.0,35,51,0.0126582278481012,51,0.0126582278481012,51,51,2,51,2,51
fisheye.MUT671.cpp,"opencv_calib3d/modules/calib3d/src/fisheye.cpp#ComputeHomography(class cv::Mat m, class cv::Mat M)#1388",595,5,1,5,1,5,4,6.0,4,6.0,4,4,1.0,4,1.0,4,4,150,4,150,4,4,5.0,4,5.0,4,4,1.0,4,1.0,4,5,0.032258064516129,5,0.032258064516129,5,5,5,5,5,5
ippe.MUT136.cpp,"opencv_calib3d/modules/calib3d/src/ippe.cpp#PoseSolver::computeTranslation(cv::InputArray _objectPoints, cv::InputArray _normalizedImgPoints, cv::InputArray _R, cv::OutputArray _t)#368",595,63,1,63,1,63,14,6.0,14,6.0,14,14,1.0,14,1.0,14,14,153,14,153,14,14,5.0,14,5.0,14,14,1.0,14,1.0,14,63,0.0316455696202531,63,0.0316455696202531,63,63,5,63,5,63
epnp.MUT325.cpp,"opencv_calib3d/modules/calib3d/src/epnp.cpp#epnp::qr_solve(CvMat * A, CvMat * b, CvMat * X)#576",595,29,1,29,1,29,23,4.0,23,4.0,23,23,1.0,23,1.0,23,23,145,23,145,23,23,3.0,23,3.0,23,23,1.0,23,1.0,23,29,0.0202702702702702,29,0.0202702702702702,29,29,3,29,3,29
stereobm.MUT527.cpp,opencv_calib3d/modules/calib3d/src/stereobm.cpp#PrefilterInvoker::operator()(const class cv::Range & range)#995,595,11,1,11,1,11,11,2.0,11,2.0,11,11,1.0,11,1.0,11,11,153,11,153,11,11,1.0,11,1.0,11,11,1.0,11,1.0,11,11,0.0064935064935064,11,0.0064935064935064,11,11,1,11,1,11
solvepnp.MUT182.cpp,"opencv_calib3d/modules/calib3d/src/solvepnp.cpp#solveP3P(cv::InputArray _opoints, cv::InputArray _ipoints, cv::InputArray _cameraMatrix, cv::InputArray _distCoeffs, cv::OutputArrayOfArrays _rvecs, cv::OutputArrayOfArrays _tvecs, int flags)#497",595,38,1,38,1,38,10,2.0,10,2.0,10,10,1.0,10,1.0,10,10,148,10,148,10,10,1.0,10,1.0,10,10,1.0,10,1.0,10,38,0.0067114093959731,38,0.0067114093959731,38,38,1,38,1,38
rho.MUT234.cpp,opencv_calib3d/modules/calib3d/src/rho.cpp#RHO_HEST_REFC::isSampleDegenerate()#1248,595,50,1,50,1,50,34,3.0,34,3.0,34,34,1.0,34,1.0,34,34,156,34,156,34,34,2.0,34,2.0,34,34,1.0,34,1.0,34,50,0.0126582278481012,50,0.0126582278481012,50,50,2,50,2,50
calibration.MUT1396.cpp,"opencv_calib3d/modules/calib3d/src/calibration.cpp#cvStereoRectify(const CvMat * _cameraMatrix1, const CvMat * _cameraMatrix2, const CvMat * _distCoeffs1, const CvMat * _distCoeffs2, CvSize imageSize, const CvMat * matR, const CvMat * matT, CvMat * _R1, CvMat * _R2, CvMat * _P1, CvMat * _P2, CvMat * matQ, int flags, double alpha, CvSize newImgSize, CvRect * roi1, CvRect * roi2)#2709",595,7,1,7,1,7,1,3.0,1,3.0,1,1,1.0,1,1.0,1,1,155,1,155,1,1,2.0,1,2.0,1,1,1.0,1,1.0,1,7,0.0127388535031847,7,0.0127388535031847,7,7,2,7,2,7
calibration.MUT1447.cpp,"opencv_calib3d/modules/calib3d/src/calibration.cpp#cvStereoRectify(const CvMat * _cameraMatrix1, const CvMat * _cameraMatrix2, const CvMat * _distCoeffs1, const CvMat * _distCoeffs2, CvSize imageSize, const CvMat * matR, const CvMat * matT, CvMat * _R1, CvMat * _R2, CvMat * _P1, CvMat * _P2, CvMat * matQ, int flags, double alpha, CvSize newImgSize, CvRect * roi1, CvRect * roi2)#2798",595,7,1,7,1,7,3,3.0,3,3.0,3,3,1.0,3,1.0,3,3,154,3,154,3,3,2.0,3,2.0,3,3,1.0,3,1.0,3,7,0.0128205128205128,7,0.0128205128205128,7,7,2,7,2,7
rho.MUT233.cpp,opencv_calib3d/modules/calib3d/src/rho.cpp#RHO_HEST_REFC::isSampleDegenerate()#1247,595,51,1,51,1,51,35,3.0,35,3.0,35,35,1.0,35,1.0,35,35,156,35,156,35,35,2.0,35,2.0,35,35,1.0,35,1.0,35,51,0.0126582278481012,51,0.0126582278481012,51,51,2,51,2,51
circlesgrid.MUT476.cpp,"opencv_calib3d/modules/calib3d/src/circlesgrid.cpp#CirclesGridFinder::findBasis(const int & samples, int & basis, int & basisGraphs)#1157",595,11,1,11,1,11,9,3.0,9,3.0,9,9,1.0,9,1.0,9,9,153,9,153,9,9,2.0,9,2.0,9,9,1.0,9,1.0,9,11,0.0129032258064516,11,0.0129032258064516,11,11,2,11,2,11
fundam.MUT417.cpp,"opencv_calib3d/modules/calib3d/src/fundam.cpp#computeCorrespondEpilines(cv::InputArray _points, int whichImage, cv::InputArray _Fmat, cv::OutputArray _lines)#968",595,3,1,3,1,3,1,2.0,1,2.0,1,1,1.0,1,1.0,1,1,155,1,155,1,1,1.0,1,1.0,1,1,1.0,1,1.0,1,3,0.0064102564102564,3,0.0064102564102564,3,3,1,3,1,3
fundam.MUT259.cpp,"opencv_calib3d/modules/calib3d/src/fundam.cpp#run7Point(const class cv::Mat & _m1, const class cv::Mat & _m2, class cv::Mat & _fmatrix)#613",595,15,1,15,1,15,6,3.0,6,3.0,6,6,1.0,6,1.0,6,6,156,6,156,6,6,2.0,6,2.0,6,6,1.0,6,1.0,6,15,0.0126582278481012,15,0.0126582278481012,15,15,2,15,2,15
solvepnp.MUT49.cpp,"opencv_calib3d/modules/calib3d/src/solvepnp.cpp#solvePnPRansac(cv::InputArray _opoints, cv::InputArray _ipoints, cv::InputArray _cameraMatrix, cv::InputArray _distCoeffs, cv::OutputArray _rvec, cv::OutputArray _tvec, _Bool useExtrinsicGuess, int iterationsCount, float reprojectionError, double confidence, cv::OutputArray _inliers, int flags)#236",595,15,1,15,1,15,3,2.0,3,2.0,3,3,1.0,3,1.0,3,3,151,3,151,3,3,1.0,3,1.0,3,3,1.0,3,1.0,3,15,0.006578947368421,15,0.006578947368421,15,15,1,15,1,15
rho.MUT718.cpp,"opencv_calib3d/modules/calib3d/src/rho.cpp#sacTRISolve8x8(const float (*)[8] L, const float * Jte, float * dH)#2613",595,72,1,72,1,72,53,2.0,53,2.0,53,53,1.0,53,1.0,53,53,156,53,156,53,53,1.0,53,1.0,53,53,1.0,53,1.0,53,72,0.0063694267515923,72,0.0063694267515923,72,72,1,72,1,72
fundam.MUT441.cpp,"opencv_calib3d/modules/calib3d/src/fundam.cpp#computeCorrespondEpilines(cv::InputArray _points, int whichImage, cv::InputArray _Fmat, cv::OutputArray _lines)#1002",595,3,1,3,1,3,1,2.0,1,2.0,1,1,1.0,1,1.0,1,1,156,1,156,1,1,1.0,1,1.0,1,1,1.0,1,1.0,1,3,0.0063694267515923,3,0.0063694267515923,3,3,1,3,1,3
epnp.MUT107.cpp,"opencv_calib3d/modules/calib3d/src/epnp.cpp#epnp::compute_pose(class cv::Mat & R, class cv::Mat & t)#198",595,24,1,24,1,24,23,15.0,23,15.0,23,23,1.0,23,1.0,23,23,144,23,144,23,23,14.0,23,14.0,23,23,1.0,23,1.0,23,24,0.0886075949367088,24,0.0886075949367088,24,24,14,24,14,24
calibration.MUT725.cpp,"opencv_calib3d/modules/calib3d/src/calibration.cpp#subMatrix(const cv::Mat & src, cv::Mat & dst, const int & cols, const int & rows)#1477",595,21,1,21,1,21,4,2.0,4,2.0,4,4,1.0,4,1.0,4,4,157,4,157,4,4,1.0,4,1.0,4,4,1.0,4,1.0,4,21,0.0063291139240506,21,0.0063291139240506,21,21,1,21,1,21
calibration.MUT665.cpp,"opencv_calib3d/modules/calib3d/src/calibration.cpp#cvFindExtrinsicCameraParams2(const CvMat * objectPoints, const CvMat * imagePoints, const CvMat * A, const CvMat * distCoeffs, CvMat * rvec, CvMat * tvec, int useExtrinsicGuess)#1361",595,4,1,4,1,4,1,21.0,1,21.0,1,1,1.0,1,1.0,1,1,138,1,138,1,1,20.0,1,20.0,1,1,1.0,1,1.0,1,4,0.1265822784810126,4,0.1265822784810126,4,4,20,4,20,4
ippe.MUT290.cpp,"opencv_calib3d/modules/calib3d/src/ippe.cpp#PoseSolver::makeCanonicalObjectPoints(cv::InputArray _objectPoints, cv::OutputArray _canonicalObjPoints, cv::OutputArray _MmodelPoints2Canonical)#620",595,64,1,64,1,64,7,4.0,7,4.0,7,7,1.0,7,1.0,7,7,153,7,153,7,7,3.0,7,3.0,7,7,1.0,7,1.0,7,64,0.0192307692307692,64,0.0192307692307692,64,64,3,64,3,64
fundam.MUT357.cpp,"opencv_calib3d/modules/calib3d/src/fundam.cpp#FMEstimatorCallback::computeError(cv::InputArray _m1, cv::InputArray _m2, cv::InputArray _model, cv::OutputArray _err)#823",595,19,1,19,1,19,8,2.0,8,2.0,8,8,1.0,8,1.0,8,8,156,8,156,8,8,1.0,8,1.0,8,8,1.0,8,1.0,8,19,0.0063694267515923,19,0.0063694267515923,19,19,1,19,1,19
fundam.MUT160.cpp,"opencv_calib3d/modules/calib3d/src/fundam.cpp#findHomography(cv::InputArray _points1, cv::InputArray _points2, int method, double ransacReprojThreshold, cv::OutputArray _mask, const int maxIters, const double confidence)#408",594,20,1,20,1,20,1,2.0,1,2.0,1,1,1.0,1,1.0,1,1,154,1,154,1,1,1.0,1,1.0,1,1,1.0,1,1.0,1,20,0.0064516129032258,20,0.0064516129032258,20,20,1,20,1,20
circlesgrid.MUT470.cpp,"opencv_calib3d/modules/calib3d/src/circlesgrid.cpp#CirclesGridFinder::findBasis(const int & samples, int & basis, int & basisGraphs)#1144",595,12,1,12,1,12,10,4.0,10,4.0,10,10,1.0,10,1.0,10,10,153,10,153,10,10,3.0,10,3.0,10,10,1.0,10,1.0,10,12,0.0192307692307692,12,0.0192307692307692,12,12,3,12,3,12
calibration.MUT32.cpp,"opencv_calib3d/modules/calib3d/src/calibration.cpp#cvCalcMatMulDeriv(const CvMat * A, const CvMat * B, CvMat * dABdA, CvMat * dABdB)#131",595,4,1,4,1,4,2,3.0,2,3.0,2,2,1.0,2,1.0,2,2,155,2,155,2,2,2.0,2,2.0,2,2,1.0,2,1.0,2,4,0.0127388535031847,4,0.0127388535031847,4,4,2,4,2,4
ippe.MUT228.cpp,"opencv_calib3d/modules/calib3d/src/ippe.cpp#PoseSolver::computeRotations(double j00, double j01, double j10, double j11, double p, double q, cv::OutputArray _R1, cv::OutputArray _R2)#504",595,72,1,72,1,72,15,4.0,15,4.0,15,15,1.0,15,1.0,15,15,153,15,153,15,15,3.0,15,3.0,15,15,1.0,15,1.0,15,72,0.0192307692307692,72,0.0192307692307692,72,72,3,72,3,72
calibinit.MUT602.cpp,"opencv_calib3d/modules/calib3d/src/calibinit.cpp#ChessBoardDetector::checkQuadGroup(const int & quad_group, int & out_corners)#1565",595,18,1,18,1,18,18,5.0,18,5.0,18,18,1.0,18,1.0,18,18,153,18,153,18,18,4.0,18,4.0,18,18,1.0,18,1.0,18,18,0.0254777070063694,18,0.0254777070063694,18,18,4,18,4,18
calibration.MUT646.cpp,"opencv_calib3d/modules/calib3d/src/calibration.cpp#cvFindExtrinsicCameraParams2(const CvMat * objectPoints, const CvMat * imagePoints, const CvMat * A, const CvMat * distCoeffs, CvMat * rvec, CvMat * tvec, int useExtrinsicGuess)#1333",595,2,1,2,1,2,1,21.0,1,21.0,1,1,1.0,1,1.0,1,1,138,1,138,1,1,20.0,1,20.0,1,1,1.0,1,1.0,1,2,0.1265822784810126,2,0.1265822784810126,2,2,20,2,20,2
ippe.MUT243.cpp,"opencv_calib3d/modules/calib3d/src/ippe.cpp#PoseSolver::homographyFromSquarePoints(cv::InputArray _targetPoints, double halfLength, cv::OutputArray H_)#539",595,65,1,65,1,65,3,5.0,3,5.0,3,3,1.0,3,1.0,3,3,154,3,154,3,3,4.0,3,4.0,3,3,1.0,3,1.0,3,65,0.0253164556962025,65,0.0253164556962025,65,65,4,65,4,65
calibration.MUT973.cpp,"opencv_calib3d/modules/calib3d/src/calibration.cpp#cvCalibrateCamera2Internal(const CvMat * objectPoints, const CvMat * imagePoints, const CvMat * npoints, CvSize imageSize, int iFixedPoint, CvMat * cameraMatrix, CvMat * distCoeffs, CvMat * rvecs, CvMat * tvecs, CvMat * newObjPoints, CvMat * stdDevs, CvMat * perViewErrors, int flags, CvTermCriteria termCrit)#1912",595,20,1,20,1,20,3,2.0,3,2.0,3,3,1.0,3,1.0,3,3,157,3,157,3,3,1.0,3,1.0,3,3,1.0,3,1.0,3,20,0.0063291139240506,20,0.0063291139240506,20,20,1,20,1,20
circlesgrid.MUT3.cpp,"opencv_calib3d/modules/calib3d/src/circlesgrid.cpp#CirclesGridClusterFinder::hierarchicalClustering(const int & points, const cv::Size & patternSz, int & patternPoints)#78",595,21,1,21,1,21,8,2.0,8,2.0,8,8,1.0,8,1.0,8,8,156,8,156,8,8,1.0,8,1.0,8,8,1.0,8,1.0,8,21,0.0063694267515923,21,0.0063694267515923,21,21,1,21,1,21
calibration_handeye.MUT46.cpp,opencv_calib3d/modules/calib3d/src/calibration_handeye.cpp#rot2quat(const class cv::Mat & R)#114,595,19,1,19,1,19,15,4.0,15,4.0,15,15,1.0,15,1.0,15,15,154,15,154,15,15,3.0,15,3.0,15,15,1.0,15,1.0,15,19,0.019108280254777,19,0.019108280254777,19,19,3,19,3,19
circlesgrid.MUT281.cpp,opencv_calib3d/modules/calib3d/src/circlesgrid.cpp#CirclesGridFinder::eraseUsedGraph(int & basisGraphs)#686,595,61,1,61,1,61,15,2.0,15,2.0,15,15,1.0,15,1.0,15,15,156,15,156,15,15,1.0,15,1.0,15,15,1.0,15,1.0,15,61,0.0063694267515923,61,0.0063694267515923,61,61,1,61,1,61
fisheye.MUT664.cpp,"opencv_calib3d/modules/calib3d/src/fisheye.cpp#ComputeHomography(class cv::Mat m, class cv::Mat M)#1379",595,5,1,5,1,5,4,9.0,4,9.0,4,4,1.0,4,1.0,4,4,150,4,150,4,4,8.0,4,8.0,4,4,1.0,4,1.0,4,5,0.050632911392405,5,0.050632911392405,5,5,8,5,8,5
local_optimization.MUT42.cpp,opencv_calib3d/modules/calib3d/src/usac/local_optimization.cpp#GraphCutImpl::labeling(const class cv::Mat & model)#115,595,7,1,7,1,7,5,4.0,5,4.0,5,5,1.0,5,1.0,5,5,152,5,152,5,5,3.0,5,3.0,5,5,1.0,5,1.0,5,7,0.0193548387096774,7,0.0193548387096774,7,7,3,7,3,7
calibration.MUT342.cpp,"opencv_calib3d/modules/calib3d/src/calibration.cpp#cvProjectPoints2Internal(const CvMat * objectPoints, const CvMat * r_vec, const CvMat * t_vec, const CvMat * A, const CvMat * distCoeffs, CvMat * imagePoints, CvMat * dpdr, CvMat * dpdt, CvMat * dpdf, CvMat * dpdc, CvMat * dpdk, CvMat * dpdo, double aspectRatio)#837",595,3,1,3,1,3,1,8.0,1,8.0,1,1,1.0,1,1.0,1,1,150,1,150,1,1,7.0,1,7.0,1,1,1.0,1,1.0,1,3,0.0445859872611464,3,0.0445859872611464,3,3,7,3,7,3
ptsetreg.MUT482.cpp,"opencv_calib3d/modules/calib3d/src/ptsetreg.cpp#estimateAffinePartial2D(cv::InputArray _from, cv::InputArray _to, cv::OutputArray _inliers, const int method, const double ransacReprojThreshold, const size_t maxIters, const double confidence, const size_t refineIters)#1116",595,14,1,14,1,14,1,3.0,1,3.0,1,1,1.0,1,1.0,1,1,156,1,156,1,1,2.0,1,2.0,1,1,1.0,1,1.0,1,14,0.0126582278481012,14,0.0126582278481012,14,14,2,14,2,14
calibration.MUT1975.cpp,"opencv_calib3d/modules/calib3d/src/calibration.cpp#calibrateCameraRO(cv::InputArrayOfArrays _objectPoints, cv::InputArrayOfArrays _imagePoints, cv::Size imageSize, int iFixedPoint, cv::InputOutputArray _cameraMatrix, cv::InputOutputArray _distCoeffs, cv::OutputArrayOfArrays _rvecs, cv::OutputArrayOfArrays _tvecs, cv::OutputArray newObjPoints, cv::OutputArray stdDeviationsIntrinsics, cv::OutputArray stdDeviationsExtrinsics, cv::OutputArray stdDeviationsObjPoints, cv::OutputArray _perViewErrors, int flags, class cv::TermCriteria criteria)#3944",595,24,1,24,1,24,4,3.0,4,3.0,4,4,1.0,4,1.0,4,4,156,4,156,4,4,2.0,4,2.0,4,4,1.0,4,1.0,4,24,0.0126582278481012,24,0.0126582278481012,24,24,2,24,2,24
calibration.MUT1260.cpp,"opencv_calib3d/modules/calib3d/src/calibration.cpp#cvStereoCalibrateImpl(const CvMat * _objectPoints, const CvMat * _imagePoints1, const CvMat * _imagePoints2, const CvMat * _npoints, CvMat * _cameraMatrix1, CvMat * _distCoeffs1, CvMat * _cameraMatrix2, CvMat * _distCoeffs2, CvSize imageSize, CvMat * matR, CvMat * matT, CvMat * matE, CvMat * matF, CvMat * rvecs, CvMat * tvecs, CvMat * perViewErr, int flags, CvTermCriteria termCrit)#2440",595,45,1,45,1,45,6,3.0,6,3.0,6,6,1.0,6,1.0,6,6,156,6,156,6,6,2.0,6,2.0,6,6,1.0,6,1.0,6,45,0.0126582278481012,45,0.0126582278481012,45,45,2,45,2,45
local_optimization.MUT71.cpp,opencv_calib3d/modules/calib3d/src/usac/local_optimization.cpp#GraphCutImpl::labeling(const class cv::Mat & model)#157,595,7,1,7,1,7,5,7.0,5,7.0,5,5,1.0,5,1.0,5,5,152,5,152,5,5,6.0,5,6.0,5,5,1.0,5,1.0,5,7,0.0379746835443038,7,0.0379746835443038,7,7,6,7,6,7
stereobm.MUT243.cpp,"opencv_calib3d/modules/calib3d/src/stereobm.cpp#findStereoCorrespondenceBM_SIMD(const class cv::Mat & left, const class cv::Mat & right, class cv::Mat & disp, class cv::Mat & cost, const struct cv::StereoBMParams & state, int _dy0, int _dy1, const class cv::BufferBM & bufX, size_t bufNum)#538",595,18,1,18,1,18,7,2.0,7,2.0,7,7,1.0,7,1.0,7,7,155,7,155,7,7,1.0,7,1.0,7,7,1.0,7,1.0,7,18,0.0064102564102564,18,0.0064102564102564,18,18,1,18,1,18
rho.MUT654.cpp,"opencv_calib3d/modules/calib3d/src/rho.cpp#sacTRInv8x8(const float (*)[8] L, float (*)[8] M)#2488",595,72,1,72,1,72,53,2.0,53,2.0,53,53,1.0,53,1.0,53,53,156,53,156,53,53,1.0,53,1.0,53,53,1.0,53,1.0,53,72,0.0063694267515923,72,0.0063694267515923,72,72,1,72,1,72
fundam.MUT418.cpp,"opencv_calib3d/modules/calib3d/src/fundam.cpp#computeCorrespondEpilines(cv::InputArray _points, int whichImage, cv::InputArray _Fmat, cv::OutputArray _lines)#971",595,3,1,3,1,3,1,2.0,1,2.0,1,1,1.0,1,1.0,1,1,157,1,157,1,1,1.0,1,1.0,1,1,1.0,1,1.0,1,3,0.0063291139240506,3,0.0063291139240506,3,3,1,3,1,3
homography_solver.MUT273.cpp,"opencv_calib3d/modules/calib3d/src/usac/homography_solver.cpp#AffineNonMinimalSolverImpl::estimate(const int & sample, int sample_size, int & models, const int & weights)#508",595,43,1,43,1,43,3,2.0,3,2.0,3,3,1.0,3,1.0,3,3,157,3,157,3,3,1.0,3,1.0,3,3,1.0,3,1.0,3,43,0.0063291139240506,43,0.0063291139240506,43,43,1,43,1,43
stereobm.MUT516.cpp,"opencv_calib3d/modules/calib3d/src/stereobm.cpp#findStereoCorrespondenceBM(const class cv::Mat & left, const class cv::Mat & right, class cv::Mat & disp, class cv::Mat & cost, const struct cv::StereoBMParams & state, int _dy0, int _dy1, const class cv::BufferBM & bufX, size_t bufNum)#943",595,18,1,18,1,18,8,2.0,8,2.0,8,8,1.0,8,1.0,8,8,155,8,155,8,8,1.0,8,1.0,8,8,1.0,8,1.0,8,18,0.0064102564102564,18,0.0064102564102564,18,18,1,18,1,18
ptsetreg.MUT303.cpp,"opencv_calib3d/modules/calib3d/src/ptsetreg.cpp#AffinePartial2DEstimatorCallback::runKernel(cv::InputArray _m1, cv::InputArray _m2, cv::OutputArray _model)#729",595,4,1,4,1,4,3,5.0,3,5.0,3,3,1.0,3,1.0,3,3,151,3,151,3,3,4.0,3,4.0,3,3,1.0,3,1.0,3,4,0.0258064516129032,4,0.0258064516129032,4,4,4,4,4,4
circlesgrid.MUT681.cpp,"opencv_calib3d/modules/calib3d/src/circlesgrid.cpp#CirclesGridFinder::getCornerSegments(const int & points, int & segments, int & cornerIndices, int & firstSteps, int & secondSteps)#1577",595,35,1,35,1,35,11,2.0,11,2.0,11,11,1.0,11,1.0,11,11,156,11,156,11,11,1.0,11,1.0,11,11,1.0,11,1.0,11,35,0.0063694267515923,35,0.0063694267515923,35,35,1,35,1,35
ptsetreg.MUT372.cpp,"opencv_calib3d/modules/calib3d/src/ptsetreg.cpp#AffinePartial2DRefineCallback::compute(cv::InputArray _param, cv::OutputArray _err, cv::OutputArray _Jac)#869",595,16,1,16,1,16,3,2.0,3,2.0,3,3,1.0,3,1.0,3,3,153,3,153,3,3,1.0,3,1.0,3,3,1.0,3,1.0,3,16,0.0064935064935064,16,0.0064935064935064,16,16,1,16,1,16
ippe.MUT71.cpp,"opencv_calib3d/modules/calib3d/src/ippe.cpp#PoseSolver::solveSquare(cv::InputArray _objectPoints, cv::InputArray _imagePoints, cv::OutputArray _rvec1, cv::OutputArray _tvec1, float & err1, cv::OutputArray _rvec2, cv::OutputArray _tvec2, float & err2)#218",595,66,1,66,1,66,3,4.0,3,4.0,3,3,1.0,3,1.0,3,3,154,3,154,3,3,3.0,3,3.0,3,3,1.0,3,1.0,3,66,0.019108280254777,66,0.019108280254777,66,66,3,66,3,66
ptsetreg.MUT304.cpp,"opencv_calib3d/modules/calib3d/src/ptsetreg.cpp#AffinePartial2DEstimatorCallback::runKernel(cv::InputArray _m1, cv::InputArray _m2, cv::OutputArray _model)#730",595,4,1,4,1,4,3,4.0,3,4.0,3,3,1.0,3,1.0,3,3,151,3,151,3,3,3.0,3,3.0,3,3,1.0,3,1.0,3,4,0.0194805194805194,4,0.0194805194805194,4,4,3,4,3,4
fisheye.MUT548.cpp,"opencv_calib3d/modules/calib3d/src/fisheye.cpp#stereoCalibrate(cv::InputArrayOfArrays objectPoints, cv::InputArrayOfArrays imagePoints1, cv::InputArrayOfArrays imagePoints2, cv::InputOutputArray K1, cv::InputOutputArray D1, cv::InputOutputArray K2, cv::InputOutputArray D2, cv::Size imageSize, cv::OutputArray R, cv::OutputArray T, cv::OutputArrayOfArrays rvecs, cv::OutputArrayOfArrays tvecs, int flags, class cv::TermCriteria criteria)#1138",595,24,1,24,1,24,1,2.0,1,2.0,1,1,1.0,1,1.0,1,1,157,1,157,1,1,1.0,1,1.0,1,1,1.0,1,1.0,1,24,0.0063291139240506,24,0.0063291139240506,24,24,1,24,1,24
ippe.MUT251.cpp,"opencv_calib3d/modules/calib3d/src/ippe.cpp#PoseSolver::homographyFromSquarePoints(cv::InputArray _targetPoints, double halfLength, cv::OutputArray H_)#553",595,74,1,74,1,74,4,4.0,4,4.0,4,4,1.0,4,1.0,4,4,154,4,154,4,4,3.0,4,3.0,4,4,1.0,4,1.0,4,74,0.019108280254777,74,0.019108280254777,74,74,3,74,3,74
calibration.MUT1344.cpp,"opencv_calib3d/modules/calib3d/src/calibration.cpp#cvStereoCalibrateImpl(const CvMat * _objectPoints, const CvMat * _imagePoints1, const CvMat * _imagePoints2, const CvMat * _npoints, CvMat * _cameraMatrix1, CvMat * _distCoeffs1, CvMat * _cameraMatrix2, CvMat * _distCoeffs2, CvSize imageSize, CvMat * matR, CvMat * matT, CvMat * matE, CvMat * matF, CvMat * rvecs, CvMat * tvecs, CvMat * perViewErr, int flags, CvTermCriteria termCrit)#2601",595,50,1,50,1,50,5,2.0,5,2.0,5,5,1.0,5,1.0,5,5,157,5,157,5,5,1.0,5,1.0,5,5,1.0,5,1.0,5,50,0.0063291139240506,50,0.0063291139240506,50,50,1,50,1,50
calibinit.MUT149.cpp,"opencv_calib3d/modules/calib3d/src/calibinit.cpp#findChessboardCorners(cv::InputArray image_, cv::Size pattern_size, cv::OutputArray corners_, int flags)#572",595,28,1,28,1,28,7,2.0,7,2.0,7,7,1.0,7,1.0,7,7,154,7,154,7,7,1.0,7,1.0,7,7,1.0,7,1.0,7,28,0.0064516129032258,28,0.0064516129032258,28,28,1,28,1,28
calibration.MUT1346.cpp,"opencv_calib3d/modules/calib3d/src/calibration.cpp#cvStereoCalibrateImpl(const CvMat * _objectPoints, const CvMat * _imagePoints1, const CvMat * _imagePoints2, const CvMat * _npoints, CvMat * _cameraMatrix1, CvMat * _distCoeffs1, CvMat * _cameraMatrix2, CvMat * _distCoeffs2, CvSize imageSize, CvMat * matR, CvMat * matT, CvMat * matE, CvMat * matF, CvMat * rvecs, CvMat * tvecs, CvMat * perViewErr, int flags, CvTermCriteria termCrit)#2603",595,50,1,50,1,50,5,2.0,5,2.0,5,5,1.0,5,1.0,5,5,157,5,157,5,5,1.0,5,1.0,5,5,1.0,5,1.0,5,50,0.0063291139240506,50,0.0063291139240506,50,50,1,50,1,50
pnp_solver.MUT167.cpp,"opencv_calib3d/modules/calib3d/src/usac/pnp_solver.cpp#P3PSolverImpl::estimate(const int & sample, int & models)#380",595,43,1,43,1,43,16,2.0,16,2.0,16,16,1.0,16,1.0,16,16,155,16,155,16,16,1.0,16,1.0,16,16,1.0,16,1.0,16,43,0.0064102564102564,43,0.0064102564102564,43,43,1,43,1,43
fundam.MUT476.cpp,"opencv_calib3d/modules/calib3d/src/fundam.cpp#convertPointsFromHomogeneous(cv::InputArray _src, cv::OutputArray _dst)#1067",595,2,1,2,1,2,1,6.0,1,6.0,1,1,1.0,1,1.0,1,1,152,1,152,1,1,5.0,1,5.0,1,1,1.0,1,1.0,1,2,0.0318471337579617,2,0.0318471337579617,2,2,5,2,5,2
solvepnp.MUT412.cpp,"opencv_calib3d/modules/calib3d/src/solvepnp.cpp#solvePnPGeneric(cv::InputArray _opoints, cv::InputArray _ipoints, cv::InputArray _cameraMatrix, cv::InputArray _distCoeffs, cv::OutputArrayOfArrays _rvecs, cv::OutputArrayOfArrays _tvecs, _Bool useExtrinsicGuess, enum cv::SolvePnPMethod flags, cv::InputArray _rvec, cv::InputArray _tvec, cv::OutputArray reprojectionError)#1110",595,74,1,74,1,74,1,2.0,1,2.0,1,1,1.0,1,1.0,1,1,157,1,157,1,1,1.0,1,1.0,1,1,1.0,1,1.0,1,74,0.0063291139240506,74,0.0063291139240506,74,74,1,74,1,74
calibration.MUT1233.cpp,"opencv_calib3d/modules/calib3d/src/calibration.cpp#cvStereoCalibrateImpl(const CvMat * _objectPoints, const CvMat * _imagePoints1, const CvMat * _imagePoints2, const CvMat * _npoints, CvMat * _cameraMatrix1, CvMat * _distCoeffs1, CvMat * _cameraMatrix2, CvMat * _distCoeffs2, CvSize imageSize, CvMat * matR, CvMat * matT, CvMat * matE, CvMat * matF, CvMat * rvecs, CvMat * tvecs, CvMat * perViewErr, int flags, CvTermCriteria termCrit)#2405",595,46,1,46,1,46,6,3.0,6,3.0,6,6,1.0,6,1.0,6,6,156,6,156,6,6,2.0,6,2.0,6,6,1.0,6,1.0,6,46,0.0126582278481012,46,0.0126582278481012,46,46,2,46,2,46
rho.MUT505.cpp,"opencv_calib3d/modules/calib3d/src/rho.cpp#hFuncRefC(float * packedPoints, float * H)#2021",595,57,1,57,1,57,41,3.0,41,3.0,41,41,1.0,41,1.0,41,41,156,41,156,41,41,2.0,41,2.0,41,41,1.0,41,1.0,41,57,0.0126582278481012,57,0.0126582278481012,57,57,2,57,2,57
fisheye.MUT675.cpp,"opencv_calib3d/modules/calib3d/src/fisheye.cpp#ComputeHomography(class cv::Mat m, class cv::Mat M)#1394",595,5,1,5,1,5,4,2.0,4,2.0,4,4,1.0,4,1.0,4,4,150,4,150,4,4,1.0,4,1.0,4,4,1.0,4,1.0,4,5,0.0066225165562913,5,0.0066225165562913,5,5,1,5,1,5
pnp_solver.MUT67.cpp,"opencv_calib3d/modules/calib3d/src/usac/pnp_solver.cpp#PnPNonMinimalSolverImpl::estimate(const int & sample, int sample_size, int & models, const int & weights)#189",595,74,1,74,1,74,14,2.0,14,2.0,14,14,1.0,14,1.0,14,14,157,14,157,14,14,1.0,14,1.0,14,14,1.0,14,1.0,14,74,0.0063291139240506,74,0.0063291139240506,74,74,1,74,1,74
calibration.MUT165.cpp,"opencv_calib3d/modules/calib3d/src/calibration.cpp#cvRodrigues2(const CvMat * src, CvMat * dst, CvMat * jacobian)#434",595,2,1,2,1,2,1,6.0,1,6.0,1,1,1.0,1,1.0,1,1,152,1,152,1,1,5.0,1,5.0,1,1,1.0,1,1.0,1,2,0.0318471337579617,2,0.0318471337579617,2,2,5,2,5,2
calibration_handeye.MUT307.cpp,"opencv_calib3d/modules/calib3d/src/calibration_handeye.cpp#calibrateHandEyeDaniilidis(const int & Hg, const int & Hc, class cv::Mat & R_cam2gripper, class cv::Mat & t_cam2gripper)#640",595,18,1,18,1,18,14,5.0,14,5.0,14,14,1.0,14,1.0,14,14,154,14,154,14,14,4.0,14,4.0,14,14,1.0,14,1.0,14,18,0.0253164556962025,18,0.0253164556962025,18,18,4,18,4,18
calibration_handeye.MUT192.cpp,"opencv_calib3d/modules/calib3d/src/calibration_handeye.cpp#calibrateHandEyePark(const int & Hg, const int & Hc, class cv::Mat & R_cam2gripper, class cv::Mat & t_cam2gripper)#428",595,9,1,9,1,9,7,5.0,7,5.0,7,7,1.0,7,1.0,7,7,154,7,154,7,7,4.0,7,4.0,7,7,1.0,7,1.0,7,9,0.0253164556962025,9,0.0253164556962025,9,9,4,9,4,9
calibinit.MUT888.cpp,"opencv_calib3d/modules/calib3d/src/calibinit.cpp#findCirclesGrid(cv::InputArray _image, cv::Size patternSize, cv::OutputArray _centers, int flags, const Ptr<cv::FeatureDetector> & blobDetector, const struct cv::CirclesGridFinderParameters & parameters_)#2127",595,4,1,4,1,4,2,4.0,2,4.0,2,2,1.0,2,1.0,2,2,153,2,153,2,2,3.0,2,3.0,2,2,1.0,2,1.0,2,4,0.0192307692307692,4,0.0192307692307692,4,4,3,4,3,4
stereobm.MUT236.cpp,"opencv_calib3d/modules/calib3d/src/stereobm.cpp#findStereoCorrespondenceBM_SIMD(const class cv::Mat & left, const class cv::Mat & right, class cv::Mat & disp, class cv::Mat & cost, const struct cv::StereoBMParams & state, int _dy0, int _dy1, const class cv::BufferBM & bufX, size_t bufNum)#530",595,18,1,18,1,18,7,2.0,7,2.0,7,7,1.0,7,1.0,7,7,155,7,155,7,7,1.0,7,1.0,7,7,1.0,7,1.0,7,18,0.0064102564102564,18,0.0064102564102564,18,18,1,18,1,18
fundam.MUT229.cpp,"opencv_calib3d/modules/calib3d/src/fundam.cpp#run7Point(const class cv::Mat & _m1, const class cv::Mat & _m2, class cv::Mat & _fmatrix)#565",595,15,1,15,1,15,6,3.0,6,3.0,6,6,1.0,6,1.0,6,6,156,6,156,6,6,2.0,6,2.0,6,6,1.0,6,1.0,6,15,0.0126582278481012,15,0.0126582278481012,15,15,2,15,2,15
calibration.MUT229.cpp,"opencv_calib3d/modules/calib3d/src/calibration.cpp#cvProjectPoints2Internal(const CvMat * objectPoints, const CvMat * r_vec, const CvMat * t_vec, const CvMat * A, const CvMat * distCoeffs, CvMat * imagePoints, CvMat * dpdr, CvMat * dpdt, CvMat * dpdf, CvMat * dpdc, CvMat * dpdk, CvMat * dpdo, double aspectRatio)#616",595,2,1,2,1,2,1,43.0,1,43.0,1,1,1.0,1,1.0,1,1,115,1,115,1,1,42.0,1,42.0,1,1,1.0,1,1.0,1,2,0.267515923566879,2,0.267515923566879,2,2,42,2,42,2
calibration_handeye.MUT153.cpp,"opencv_calib3d/modules/calib3d/src/calibration_handeye.cpp#calibrateHandEyeTsai(const int & Hg, const int & Hc, class cv::Mat & R_cam2gripper, class cv::Mat & t_cam2gripper)#346",595,19,1,19,1,19,15,5.0,15,5.0,15,15,1.0,15,1.0,15,15,154,15,154,15,15,4.0,15,4.0,15,15,1.0,15,1.0,15,19,0.0253164556962025,19,0.0253164556962025,19,19,4,19,4,19
stereobm.MUT114.cpp,"opencv_calib3d/modules/calib3d/src/stereobm.cpp#dispDescale(int v1, int v2, int d)#318",595,18,1,18,1,18,18,2.0,18,2.0,18,18,1.0,18,1.0,18,18,153,18,153,18,18,1.0,18,1.0,18,18,1.0,18,1.0,18,18,0.0064935064935064,18,0.0064935064935064,18,18,1,18,1,18
circlesgrid.MUT191.cpp,"opencv_calib3d/modules/calib3d/src/circlesgrid.cpp#Graph::removeEdge(size_t id1, size_t id2)#498",595,32,1,32,1,32,7,2.0,7,2.0,7,7,1.0,7,1.0,7,7,156,7,156,7,7,1.0,7,1.0,7,7,1.0,7,1.0,7,32,0.0063694267515923,32,0.0063694267515923,32,32,1,32,1,32
calibration.MUT437.cpp,"opencv_calib3d/modules/calib3d/src/calibration.cpp#cvProjectPoints2Internal(const CvMat * objectPoints, const CvMat * r_vec, const CvMat * t_vec, const CvMat * A, const CvMat * distCoeffs, CvMat * imagePoints, CvMat * dpdr, CvMat * dpdt, CvMat * dpdf, CvMat * dpdc, CvMat * dpdk, CvMat * dpdo, double aspectRatio)#984",595,5,1,5,1,5,1,2.0,1,2.0,1,1,1.0,1,1.0,1,1,155,1,155,1,1,1.0,1,1.0,1,1,1.0,1,1.0,1,5,0.0064102564102564,5,0.0064102564102564,5,5,1,5,1,5
triangulate.MUT164.cpp,"opencv_calib3d/modules/calib3d/src/triangulate.cpp#icvCorrectMatches(CvMat * F_, CvMat * points1_, CvMat * points2_, CvMat * new_points1, CvMat * new_points2)#335",595,77,1,77,1,77,12,2.0,12,2.0,12,12,1.0,12,1.0,12,12,156,12,156,12,12,1.0,12,1.0,12,12,1.0,12,1.0,12,77,0.0063694267515923,77,0.0063694267515923,77,77,1,77,1,77
fisheye.MUT35.cpp,"opencv_calib3d/modules/calib3d/src/fisheye.cpp#projectPoints(cv::InputArray objectPoints, cv::OutputArray imagePoints, cv::InputArray _rvec, cv::InputArray _tvec, cv::InputArray _K, cv::InputArray _D, double alpha, cv::OutputArray jacobian)#140",595,3,1,3,1,3,1,10.0,1,10.0,1,1,1.0,1,1.0,1,1,148,1,148,1,1,9.0,1,9.0,1,1,1.0,1,1.0,1,3,0.0573248407643312,3,0.0573248407643312,3,3,9,3,9,3
rho.MUT181.cpp,opencv_calib3d/modules/calib3d/src/rho.cpp#RHO_HEST_REFC::initRun()#978,595,63,1,63,1,63,47,3.0,47,3.0,47,47,1.0,47,1.0,47,47,156,47,156,47,47,2.0,47,2.0,47,47,1.0,47,1.0,47,63,0.0126582278481012,63,0.0126582278481012,63,63,2,63,2,63
calibration.MUT875.cpp,"opencv_calib3d/modules/calib3d/src/calibration.cpp#cvCalibrateCamera2Internal(const CvMat * objectPoints, const CvMat * imagePoints, const CvMat * npoints, CvSize imageSize, int iFixedPoint, CvMat * cameraMatrix, CvMat * distCoeffs, CvMat * rvecs, CvMat * tvecs, CvMat * newObjPoints, CvMat * stdDevs, CvMat * perViewErrors, int flags, CvTermCriteria termCrit)#1755",595,20,1,20,1,20,1,3.0,1,3.0,1,1,1.0,1,1.0,1,1,155,1,155,1,1,2.0,1,2.0,1,1,1.0,1,1.0,1,20,0.0127388535031847,20,0.0127388535031847,20,20,2,20,2,20
circlesgrid.MUT671.cpp,"opencv_calib3d/modules/calib3d/src/circlesgrid.cpp#CirclesGridFinder::getCornerSegments(const int & points, int & segments, int & cornerIndices, int & firstSteps, int & secondSteps)#1563",595,38,1,38,1,38,14,2.0,14,2.0,14,14,1.0,14,1.0,14,14,156,14,156,14,14,1.0,14,1.0,14,14,1.0,14,1.0,14,38,0.0063694267515923,38,0.0063694267515923,38,38,1,38,1,38
stereobm.MUT481.cpp,"opencv_calib3d/modules/calib3d/src/stereobm.cpp#findStereoCorrespondenceBM(const class cv::Mat & left, const class cv::Mat & right, class cv::Mat & disp, class cv::Mat & cost, const struct cv::StereoBMParams & state, int _dy0, int _dy1, const class cv::BufferBM & bufX, size_t bufNum)#892",595,18,1,18,1,18,8,2.0,8,2.0,8,8,1.0,8,1.0,8,8,155,8,155,8,8,1.0,8,1.0,8,8,1.0,8,1.0,8,18,0.0064102564102564,18,0.0064102564102564,18,18,1,18,1,18
calibration.MUT1497.cpp,"opencv_calib3d/modules/calib3d/src/calibration.cpp#cvStereoRectify(const CvMat * _cameraMatrix1, const CvMat * _cameraMatrix2, const CvMat * _distCoeffs1, const CvMat * _distCoeffs2, CvSize imageSize, const CvMat * matR, const CvMat * matT, CvMat * _R1, CvMat * _R2, CvMat * _P1, CvMat * _P2, CvMat * matQ, int flags, double alpha, CvSize newImgSize, CvRect * roi1, CvRect * roi2)#2869",595,77,1,77,1,77,16,2.0,16,2.0,16,16,1.0,16,1.0,16,16,154,16,154,16,16,1.0,16,1.0,16,16,1.0,16,1.0,16,77,0.0064516129032258,77,0.0064516129032258,77,77,1,77,1,77
fundam.MUT429.cpp,"opencv_calib3d/modules/calib3d/src/fundam.cpp#computeCorrespondEpilines(cv::InputArray _points, int whichImage, cv::InputArray _Fmat, cv::OutputArray _lines)#986",595,3,1,3,1,3,1,2.0,1,2.0,1,1,1.0,1,1.0,1,1,157,1,157,1,1,1.0,1,1.0,1,1,1.0,1,1.0,1,3,0.0063291139240506,3,0.0063291139240506,3,3,1,3,1,3
circlesgrid.MUT543.cpp,"opencv_calib3d/modules/calib3d/src/circlesgrid.cpp#computeShortestPath(class cv::Mat & predecessorMatrix, size_t v1, size_t v2, int & path)#1278",595,27,1,27,1,27,25,4.0,25,4.0,25,25,1.0,25,1.0,25,25,153,25,153,25,25,3.0,25,3.0,25,25,1.0,25,1.0,25,27,0.0192307692307692,27,0.0192307692307692,27,27,3,27,3,27
circlesgrid.MUT173.cpp,"opencv_calib3d/modules/calib3d/src/circlesgrid.cpp#CirclesGridClusterFinder::parsePatternPoints(const int & patternPoints, const int & rectifiedPatternPoints, int & centers)#441",595,15,1,15,1,15,7,3.0,7,3.0,7,7,1.0,7,1.0,7,7,156,7,156,7,7,2.0,7,2.0,7,7,1.0,7,1.0,7,15,0.0126582278481012,15,0.0126582278481012,15,15,2,15,2,15
triangulate.MUT75.cpp,"opencv_calib3d/modules/calib3d/src/triangulate.cpp#icvCorrectMatches(CvMat * F_, CvMat * points1_, CvMat * points2_, CvMat * new_points1, CvMat * new_points2)#222",595,2,1,2,1,2,2,3.0,2,3.0,2,2,1.0,2,1.0,2,2,156,2,156,2,2,2.0,2,2.0,2,2,1.0,2,1.0,2,2,0.0126582278481012,2,0.0126582278481012,2,2,2,2,2,2
calibration.MUT471.cpp,"opencv_calib3d/modules/calib3d/src/calibration.cpp#cvProjectPoints2Internal(const CvMat * objectPoints, const CvMat * r_vec, const CvMat * t_vec, const CvMat * A, const CvMat * distCoeffs, CvMat * imagePoints, CvMat * dpdr, CvMat * dpdt, CvMat * dpdf, CvMat * dpdc, CvMat * dpdk, CvMat * dpdo, double aspectRatio)#1028",595,4,1,4,1,4,1,4.0,1,4.0,1,1,1.0,1,1.0,1,1,136,1,136,1,1,3.0,1,3.0,1,1,1.0,1,1.0,1,4,0.0215827338129496,4,0.0215827338129496,4,4,3,4,3,4
fundam.MUT71.cpp,"opencv_calib3d/modules/calib3d/src/fundam.cpp#HomographyEstimatorCallback::computeError(cv::InputArray _m1, cv::InputArray _m2, cv::InputArray _model, cv::OutputArray _err)#206",595,11,1,11,1,11,2,5.0,2,5.0,2,2,1.0,2,1.0,2,2,152,2,152,2,2,4.0,2,4.0,2,2,1.0,2,1.0,2,11,0.0256410256410256,11,0.0256410256410256,11,11,4,11,4,11
calibration.MUT1222.cpp,"opencv_calib3d/modules/calib3d/src/calibration.cpp#cvStereoCalibrateImpl(const CvMat * _objectPoints, const CvMat * _imagePoints1, const CvMat * _imagePoints2, const CvMat * _npoints, CvMat * _cameraMatrix1, CvMat * _distCoeffs1, CvMat * _cameraMatrix2, CvMat * _distCoeffs2, CvSize imageSize, CvMat * matR, CvMat * matT, CvMat * matE, CvMat * matF, CvMat * rvecs, CvMat * tvecs, CvMat * perViewErr, int flags, CvTermCriteria termCrit)#2391",595,49,1,49,1,49,5,2.0,5,2.0,5,5,1.0,5,1.0,5,5,157,5,157,5,5,1.0,5,1.0,5,5,1.0,5,1.0,5,49,0.0063291139240506,49,0.0063291139240506,49,49,1,49,1,49
